-- phpMyAdmin SQL Dump
-- version 4.2.12deb2+deb8u3
-- http://www.phpmyadmin.net
--
-- Host: localhost
-- Erstellungszeit: 27. Okt 2020 um 10:58
-- Server Version: 5.5.60-0+deb8u1
-- PHP-Version: 5.6.36-0+deb8u1

SET SQL_MODE = "NO_AUTO_VALUE_ON_ZERO";
SET time_zone = "+00:00";


/*!40101 SET @OLD_CHARACTER_SET_CLIENT=@@CHARACTER_SET_CLIENT */;
/*!40101 SET @OLD_CHARACTER_SET_RESULTS=@@CHARACTER_SET_RESULTS */;
/*!40101 SET @OLD_COLLATION_CONNECTION=@@COLLATION_CONNECTION */;
/*!40101 SET NAMES utf8 */;

--
-- Datenbank: `sidb`
--
CREATE DATABASE IF NOT EXISTS `sidb` DEFAULT CHARACTER SET utf8 COLLATE utf8_general_ci;
USE `sidb`;

-- --------------------------------------------------------

--
-- Tabellenstruktur für Tabelle `asset`
--

DROP TABLE IF EXISTS `asset`;
CREATE TABLE IF NOT EXISTS `asset` (
`idasset` int(11) NOT NULL,
  `name` varchar(100) CHARACTER SET latin1 NOT NULL,
  `description` text CHARACTER SET latin1 NOT NULL,
  `serialno` varchar(20) DEFAULT NULL,
  `location` text CHARACTER SET latin1,
  `docuurl` varchar(200) DEFAULT NULL,
  `assettype_idassettype` int(11) NOT NULL,
  `count` int(11) NOT NULL DEFAULT '1',
  `asset_idasset` int(11) DEFAULT NULL COMMENT 'Parent',
  `ownerstate_idownerstate` int(11) NOT NULL,
  `owner_idowner` int(11) DEFAULT NULL,
  `deleted` tinyint(1) NOT NULL DEFAULT '0',
  `created` datetime NOT NULL,
  `last-changed` datetime NOT NULL
) ENGINE=MyISAM AUTO_INCREMENT=80 DEFAULT CHARSET=utf8;

--
-- Daten für Tabelle `asset`
--

INSERT INTO `asset` (`idasset`, `name`, `description`, `serialno`, `location`, `docuurl`, `assettype_idassettype`, `count`, `asset_idasset`, `ownerstate_idownerstate`, `owner_idowner`, `deleted`, `created`, `last-changed`) VALUES
(1, 'SHACK HQ', 'Ulmerstr. 255<br>70327 Stuttgart', NULL, 'Ulmerstr. 255<br>70327 Stuttgart', NULL, 1, 1, NULL, 1, 1, 0, '2011-01-01 00:00:00', '2020-10-05 00:00:00'),
(2, 'RZ - Rechenzentrum', 'Unsere Datenzentrale', NULL, '', NULL, 2, 1, 1, 4, 1, 0, '2020-10-05 00:00:00', '2020-10-19 17:44:53'),
(3, 'OR1: E - LAB', 'Labor für elektrische und elektronische Arbeiten', '', '', '', 2, 1, 1, 1, 1, 0, '2020-10-05 00:00:00', '2020-10-25 12:31:31'),
(4, 'Rack 001', '', NULL, 'Linkes Rack', NULL, 9, 1, 2, 4, 1, 0, '2020-10-05 00:00:00', '2020-10-05 00:00:00'),
(5, 'Rack 002', '', NULL, 'Mittleres Rack', NULL, 9, 1, 2, 3, 1, 0, '2020-10-05 00:00:00', '2020-10-05 00:00:00'),
(6, 'USG 001', 'Ubiquiti Unify Security Gateway', '', 'Pos. 20', 'https://dl.ubnt.com/qsg/USG/USG_DE.html', 8, 1, 4, 4, 1, 0, '2020-10-05 00:00:00', '2020-10-25 05:49:02'),
(7, 'UNKNOWN', 'TEST', NULL, '', NULL, 6, 1, 4, 6, 1, 0, '2020-10-05 00:00:00', '2020-10-23 11:26:32'),
(8, 'give me', 'piep', NULL, 'blub', NULL, 8, 1, 4, 2, 3, 0, '2020-10-05 00:00:00', '2020-10-15 22:05:54'),
(9, 'meins', 'test', NULL, NULL, NULL, 3, 1, 4, 5, 3, 0, '2020-10-05 00:00:00', '2020-10-05 00:00:00'),
(55, '1,8Ohm 0,5Watt Widerstand', '', NULL, '', NULL, 6, 1, 51, 1, 1, 0, '2020-10-17 00:47:49', '2020-10-17 00:47:49'),
(56, '2,2Ohm 0,5Watt Widerstand', '', NULL, '', NULL, 6, 1, 51, 1, 1, 0, '2020-10-17 00:48:05', '2020-10-17 00:48:05'),
(54, '1,5Ohm 0,5Watt Widerstand', '', NULL, '', NULL, 6, 1, 51, 1, 1, 0, '2020-10-17 00:47:39', '2020-10-17 00:47:39'),
(53, '1,2Ohm 0,5Watt Widerstand', '', NULL, '', NULL, 6, 1, 51, 1, 1, 0, '2020-10-17 00:47:26', '2020-10-17 00:47:26'),
(52, '1,0Ohm 0,5Watt Widerstand', '', '', '', '', 6, 100, 51, 1, 1, 0, '2020-10-17 00:47:15', '2020-10-25 12:53:49'),
(51, 'Widerstandssortiment', 'E12 Serie mit 0,5Watt', NULL, '', NULL, 5, 1, 47, 1, 10, 0, '2020-10-16 23:54:03', '2020-10-16 23:55:25'),
(50, 'Lounge', 'Versammlungsraum mit mehreren Tischen, Lümmelecke, Zockerecke etc.', '', 'Direkter Raum nach dem Eingang', '', 2, 1, 1, 1, 1, 0, '2020-10-16 17:52:37', '2020-10-25 12:24:05'),
(49, 'Testitem2', 'Mein 2tes Teil ;-)', '00000001', '', '', 7, 1, 3, 1, 4, 0, '2020-10-15 20:32:52', '2020-10-25 09:11:52'),
(48, 'Testitem edit', 'Das gehört Test.', '123', 'where', 'https://dl.ubnt.com/qsg/USG/USG_DE.html', 4, 12, 51, 3, 2, 0, '2020-10-15 20:30:36', '2020-10-25 09:35:33'),
(47, 'Schränkli', 'lol a Schränkli', NULL, 'in der 3. Tepichfaser', NULL, 9, 1, 3, 1, 1, 0, '2020-10-13 15:50:23', '2020-10-13 15:50:23'),
(46, 'USG002', 'Unifi USG - Unifi Security Gateway Backup', NULL, '21', NULL, 8, 1, 4, 4, 1, 0, '2020-10-11 20:13:27', '2020-10-19 17:44:00'),
(45, '10k 100W Widerstand', 'Widerstand 10kOhm 100Watt Leistung Toleranz 5%', '', 'Auf dem Schank', '', 6, 2, 47, 1, 2, 0, '2020-10-11 10:43:42', '2020-10-25 09:22:54'),
(44, 'test', 'test new log', NULL, 'nowhere', NULL, 7, 1, 3, 5, 2, 0, '2020-10-11 10:42:41', '2020-10-16 18:01:38'),
(43, 'test', 'test new log', NULL, 'nowhere', NULL, 6, 1, 3, 5, 2, 0, '2020-10-11 10:38:16', '2020-10-16 18:01:52'),
(42, 'test', 'test new log', NULL, 'nowhere', NULL, 7, 1, 3, 5, 6, 0, '2020-10-11 10:35:24', '2020-10-16 18:02:48'),
(57, '2,7Ohm 0,5Watt Widerstand', '', NULL, '', NULL, 6, 1, 51, 1, 1, 0, '2020-10-17 00:48:15', '2020-10-17 00:48:15'),
(58, '3,3Ohm 0,5Watt Widerstand', '', NULL, '', NULL, 6, 1, 51, 1, 1, 0, '2020-10-17 00:49:31', '2020-10-17 00:49:31'),
(59, '3,9Ohm 0,5Watt Widerstand', '', NULL, '', NULL, 6, 1, 51, 1, 1, 0, '2020-10-17 00:49:47', '2020-10-17 00:49:47'),
(60, '4,7Ohm 0,5Watt Widerstand', '', NULL, '', NULL, 6, 1, 51, 1, 1, 0, '2020-10-17 00:50:05', '2020-10-17 00:50:05'),
(61, '5,6Ohm 0,5Watt Widerstand', '', NULL, '', NULL, 6, 1, 51, 1, 1, 0, '2020-10-17 00:50:50', '2020-10-17 00:50:50'),
(62, '6,8Ohm 0,5Watt Widerstand', '', NULL, '', NULL, 6, 1, 51, 1, 1, 0, '2020-10-17 00:51:01', '2020-10-17 00:51:01'),
(63, '8,2Ohm 0,5Watt Widerstand', '', NULL, '', NULL, 6, 1, 51, 1, 1, 0, '2020-10-17 00:51:11', '2020-10-17 00:51:11'),
(64, 'TESTRAUM', 'hier kann getestet werden wie das mit der SIDB funzt', NULL, 'nowhere', NULL, 2, 1, 1, 1, 1, 0, '2020-10-23 18:03:45', '2020-10-23 18:03:45'),
(65, 'TESTitem im Raum mit sehr langem Text als Namen weil man ja mal was testen muss etc etc etc. ', 'test', '01234567890', 'test', 'http://sidb.execnet.de/kanboard/?controller=BoardViewController&action=readonly&token=7aaf1bad60b4658623e1f50fb81e548eecd11a8cb04cf00a4e5a11aec38a', 8, 1, 64, 5, 2, 0, '2020-10-23 18:04:48', '2020-10-25 16:59:55'),
(66, 'new test', 'alle felder', '987654', 'wo?', 'http://sidb.execnet.de/kanboard/?controller=BoardViewController&action=readonly&token=7aaf1bad60b4658623e1f50fb81e548eecd11a8cb04cf00a4e5a11aec38a', 10, 1, 64, 1, 2, 0, '2020-10-25 06:01:10', '2020-10-25 06:01:10'),
(67, 'Seminar - Raum', '', '', '', '', 2, 1, 1, 1, 1, 0, '2020-10-25 12:24:58', '2020-10-25 12:24:58'),
(68, 'Werkstatt', '', '', '', 'https://github.com/shackspace/werkstatt_instructions/tree/master/output', 2, 1, 1, 1, 1, 0, '2020-10-25 12:25:19', '2020-10-25 13:14:09'),
(69, 'Ruhe / Arbeitsruam', '', '', '', '', 2, 1, 1, 1, 1, 0, '2020-10-25 12:25:46', '2020-10-25 12:32:16'),
(70, 'Mate Lager', '', '', '', '', 2, 1, 1, 5, 1, 0, '2020-10-25 12:25:59', '2020-10-25 12:28:49'),
(71, 'Hauptlager', '', '', '', '', 2, 1, 1, 1, 1, 0, '2020-10-25 12:26:17', '2020-10-25 12:32:27'),
(72, 'OR2', '', '', '', '', 2, 1, 1, 1, 1, 0, '2020-10-25 12:29:31', '2020-10-25 12:29:57'),
(73, 'OR3', '', '', '', '', 2, 1, 1, 1, 1, 0, '2020-10-25 12:30:29', '2020-10-25 12:30:29'),
(74, 'OR4: Retroraum', '', '', '', '', 2, 1, 1, 1, 1, 0, '2020-10-25 12:30:57', '2020-10-25 12:30:57'),
(75, 'Kleines Lager', '', '', 'bei OR3', '', 2, 1, 1, 1, 1, 0, '2020-10-25 12:33:39', '2020-10-25 12:33:39'),
(76, 'Küche', '', '', '', '', 2, 1, 1, 1, 1, 0, '2020-10-25 12:35:16', '2020-10-25 12:35:16'),
(77, 'Bistro', '', '', '', '', 2, 1, 1, 1, 1, 0, '2020-10-25 12:35:33', '2020-10-25 12:35:33'),
(78, 'Vershacken Schrank', '', '', '', '', 9, 1, 50, 1, 1, 0, '2020-10-25 12:37:49', '2020-10-25 12:37:49'),
(79, 'blub', 'QuickInput', '', '', '', 10, 1, 64, 1, 2, 0, '2020-10-26 15:22:53', '2020-10-26 15:22:53');

-- --------------------------------------------------------

--
-- Tabellenstruktur für Tabelle `assetgrant`
--

DROP TABLE IF EXISTS `assetgrant`;
CREATE TABLE IF NOT EXISTS `assetgrant` (
`idassetgrant` int(11) NOT NULL,
  `asset_idasset` int(11) NOT NULL,
  `owner_idowner` int(11) NOT NULL,
  `allow_instructing` tinyint(1) NOT NULL DEFAULT '0',
  `allow_edit` tinyint(1) NOT NULL DEFAULT '0',
  `allow_post` tinyint(1) NOT NULL DEFAULT '0'
) ENGINE=InnoDB DEFAULT CHARSET=utf8;

-- --------------------------------------------------------

--
-- Tabellenstruktur für Tabelle `assettype`
--

DROP TABLE IF EXISTS `assettype`;
CREATE TABLE IF NOT EXISTS `assettype` (
`idassettype` int(11) NOT NULL,
  `typename` varchar(100) CHARACTER SET latin1 NOT NULL,
  `consumable` tinyint(1) NOT NULL DEFAULT '0',
  `childpossible` tinyint(1) NOT NULL DEFAULT '0'
) ENGINE=MyISAM AUTO_INCREMENT=13 DEFAULT CHARSET=utf8;

--
-- Daten für Tabelle `assettype`
--

INSERT INTO `assettype` (`idassettype`, `typename`, `consumable`, `childpossible`) VALUES
(1, 'Gebäude', 0, 1),
(2, 'Räume', 0, 1),
(3, 'Server', 0, 1),
(4, 'Fächer', 0, 1),
(5, 'Boxen', 0, 1),
(6, 'Bauteile - passiv', 1, 0),
(7, 'Bauteile - aktiv', 1, 0),
(8, 'Netzwerkdevice', 0, 0),
(9, 'Schränke/Regale', 0, 1),
(10, 'Undefined', 0, 1),
(11, 'Lebensmittel', 1, 0),
(12, 'Non Food (Verbrauchsmaterial)', 1, 0);

-- --------------------------------------------------------

--
-- Tabellenstruktur für Tabelle `log`
--

DROP TABLE IF EXISTS `log`;
CREATE TABLE IF NOT EXISTS `log` (
`idlog` int(11) NOT NULL,
  `asset_idasset` int(11) NOT NULL,
  `datetime` datetime NOT NULL,
  `countchange` int(11) NOT NULL DEFAULT '0',
  `action` text CHARACTER SET latin1 NOT NULL,
  `owner_idowner` int(11) NOT NULL
) ENGINE=InnoDB AUTO_INCREMENT=103 DEFAULT CHARSET=utf8;

--
-- Daten für Tabelle `log`
--

INSERT INTO `log` (`idlog`, `asset_idasset`, `datetime`, `countchange`, `action`, `owner_idowner`) VALUES
(24, 8, '2020-10-15 21:49:32', 0, 'Asset updated. Parameter:<table border=1 cellspacing=0 cellpadding=3 width=100%><tr><td colspan=2 style="background-color:#111;"><strong><font color=white>ARRAY</font></strong></td></tr><tr><td valign="top" style="width:40px;background-color:#222;"><strong>a_name</strong></td><td>give me</td></tr><tr><td valign="top" style="width:40px;background-color:#222;"><strong>page</strong></td><td>assets</td></tr><tr><td valign="top" style="width:40px;background-color:#222;"><strong>f</strong></td><td>edit_asset</td></tr><tr><td valign="top" style="width:40px;background-color:#222;"><strong>a_id</strong></td><td>8</td></tr><tr><td valign="top" style="width:40px;background-color:#222;"><strong>a_desc</strong></td><td>piep</td></tr><tr><td valign="top" style="width:40px;background-color:#222;"><strong>a_loc</strong></td><td>blub</td></tr><tr><td valign="top" style="width:40px;background-color:#222;"><strong>a_count</strong></td><td>1</td></tr><tr><td valign="top" style="width:40px;background-color:#222;"><strong>a_at</strong></td><td>8</td></tr><tr><td valign="top" style="width:40px;background-color:#222;"><strong>a_os</strong></td><td>2</td></tr><tr><td valign="top" style="width:40px;background-color:#222;"><strong>a_o</strong></td><td>3</td></tr><tr><td valign="top" style="width:40px;background-color:#222;"><strong>a_ea</strong></td><td>4</td></tr><tr><td valign="top" style="width:40px;background-color:#222;"><strong>parent_assetid</strong></td><td>4</td></tr></table>', 2),
(25, 8, '2020-10-15 22:05:48', 0, 'Asset updated. Parameter:<table border=1 cellspacing=0 cellpadding=3 width=100%><tr><td colspan=2 style="background-color:#111;"><strong><font color=white>ARRAY</font></strong></td></tr><tr><td valign="top" style="width:40px;background-color:#222;"><strong>a_name</strong></td><td>give me</td></tr><tr><td valign="top" style="width:40px;background-color:#222;"><strong>page</strong></td><td>assets</td></tr><tr><td valign="top" style="width:40px;background-color:#222;"><strong>f</strong></td><td>edit_asset</td></tr><tr><td valign="top" style="width:40px;background-color:#222;"><strong>a_id</strong></td><td>8</td></tr><tr><td valign="top" style="width:40px;background-color:#222;"><strong>a_desc</strong></td><td>piep</td></tr><tr><td valign="top" style="width:40px;background-color:#222;"><strong>a_loc</strong></td><td>blub</td></tr><tr><td valign="top" style="width:40px;background-color:#222;"><strong>a_count</strong></td><td>1</td></tr><tr><td valign="top" style="width:40px;background-color:#222;"><strong>a_at</strong></td><td>8</td></tr><tr><td valign="top" style="width:40px;background-color:#222;"><strong>a_os</strong></td><td>2</td></tr><tr><td valign="top" style="width:40px;background-color:#222;"><strong>a_o</strong></td><td>2</td></tr><tr><td valign="top" style="width:40px;background-color:#222;"><strong>a_ea</strong></td><td>4</td></tr><tr><td valign="top" style="width:40px;background-color:#222;"><strong>parent_assetid</strong></td><td>4</td></tr></table>', 2),
(26, 8, '2020-10-15 22:05:54', 0, 'Asset updated. Parameter:<table border=1 cellspacing=0 cellpadding=3 width=100%><tr><td colspan=2 style="background-color:#111;"><strong><font color=white>ARRAY</font></strong></td></tr><tr><td valign="top" style="width:40px;background-color:#222;"><strong>a_name</strong></td><td>give me</td></tr><tr><td valign="top" style="width:40px;background-color:#222;"><strong>page</strong></td><td>assets</td></tr><tr><td valign="top" style="width:40px;background-color:#222;"><strong>f</strong></td><td>edit_asset</td></tr><tr><td valign="top" style="width:40px;background-color:#222;"><strong>a_id</strong></td><td>8</td></tr><tr><td valign="top" style="width:40px;background-color:#222;"><strong>a_desc</strong></td><td>piep</td></tr><tr><td valign="top" style="width:40px;background-color:#222;"><strong>a_loc</strong></td><td>blub</td></tr><tr><td valign="top" style="width:40px;background-color:#222;"><strong>a_count</strong></td><td>1</td></tr><tr><td valign="top" style="width:40px;background-color:#222;"><strong>a_at</strong></td><td>8</td></tr><tr><td valign="top" style="width:40px;background-color:#222;"><strong>a_os</strong></td><td>2</td></tr><tr><td valign="top" style="width:40px;background-color:#222;"><strong>a_o</strong></td><td>3</td></tr><tr><td valign="top" style="width:40px;background-color:#222;"><strong>a_ea</strong></td><td>4</td></tr><tr><td valign="top" style="width:40px;background-color:#222;"><strong>parent_assetid</strong></td><td>4</td></tr></table>', 2),
(27, 3, '2020-10-15 22:25:25', 0, 'Asset updated. Parameter:<table border=1 cellspacing=0 cellpadding=3 width=100%><tr><td colspan=2 style="background-color:#111;"><strong><font color=white>ARRAY</font></strong></td></tr><tr><td valign="top" style="width:40px;background-color:#222;"><strong>a_name</strong></td><td>E - LAB</td></tr><tr><td valign="top" style="width:40px;background-color:#222;"><strong>page</strong></td><td>assets</td></tr><tr><td valign="top" style="width:40px;background-color:#222;"><strong>f</strong></td><td>edit_asset</td></tr><tr><td valign="top" style="width:40px;background-color:#222;"><strong>a_id</strong></td><td>3</td></tr><tr><td valign="top" style="width:40px;background-color:#222;"><strong>a_desc</strong></td><td>Labor für elektrische und elektronische Arbeiten</td></tr><tr><td valign="top" style="width:40px;background-color:#222;"><strong>a_loc</strong></td><td></td></tr><tr><td valign="top" style="width:40px;background-color:#222;"><strong>a_count</strong></td><td>1</td></tr><tr><td valign="top" style="width:40px;background-color:#222;"><strong>a_at</strong></td><td>2</td></tr><tr><td valign="top" style="width:40px;background-color:#222;"><strong>a_os</strong></td><td>1</td></tr><tr><td valign="top" style="width:40px;background-color:#222;"><strong>a_o</strong></td><td>1</td></tr><tr><td valign="top" style="width:40px;background-color:#222;"><strong>a_ea</strong></td><td>1</td></tr><tr><td valign="top" style="width:40px;background-color:#222;"><strong>parent_assetid</strong></td><td>1</td></tr></table>', 2),
(28, 45, '2020-10-16 16:23:55', 0, 'Asset updated. Parameter:<table border=1 cellspacing=0 cellpadding=3 width=100%><tr><td colspan=2 style="background-color:#111;"><strong><font color=white>ARRAY</font></strong></td></tr><tr><td valign="top" style="width:40px;background-color:#222;"><strong>a_name</strong></td><td>10k 100W Widerstand</td></tr><tr><td valign="top" style="width:40px;background-color:#222;"><strong>page</strong></td><td>assets</td></tr><tr><td valign="top" style="width:40px;background-color:#222;"><strong>f</strong></td><td>edit_asset</td></tr><tr><td valign="top" style="width:40px;background-color:#222;"><strong>a_id</strong></td><td>45</td></tr><tr><td valign="top" style="width:40px;background-color:#222;"><strong>a_desc</strong></td><td>Widerstand 10kOhm 100Watt Leistung Toleranz 5%</td></tr><tr><td valign="top" style="width:40px;background-color:#222;"><strong>a_loc</strong></td><td>Auf dem Schank</td></tr><tr><td valign="top" style="width:40px;background-color:#222;"><strong>a_count</strong></td><td>2</td></tr><tr><td valign="top" style="width:40px;background-color:#222;"><strong>a_at</strong></td><td>6</td></tr><tr><td valign="top" style="width:40px;background-color:#222;"><strong>a_os</strong></td><td>3</td></tr><tr><td valign="top" style="width:40px;background-color:#222;"><strong>a_o</strong></td><td>4</td></tr><tr><td valign="top" style="width:40px;background-color:#222;"><strong>a_ea</strong></td><td>3</td></tr><tr><td valign="top" style="width:40px;background-color:#222;"><strong>parent_assetid</strong></td><td>3</td></tr></table>', 2),
(29, 50, '2020-10-16 17:52:37', 0, 'Asset created. Parameter:<table border=1 cellspacing=0 cellpadding=3 width=100%><tr><td colspan=2 style="background-color:#111;"><strong><font color=white>ARRAY</font></strong></td></tr><tr><td valign="top" style="width:40px;background-color:#222;"><strong>a_name</strong></td><td>Lobby</td></tr><tr><td valign="top" style="width:40px;background-color:#222;"><strong>f</strong></td><td>new_asset</td></tr><tr><td valign="top" style="width:40px;background-color:#222;"><strong>a_id</strong></td><td>0</td></tr><tr><td valign="top" style="width:40px;background-color:#222;"><strong>a_desc</strong></td><td></td></tr><tr><td valign="top" style="width:40px;background-color:#222;"><strong>a_loc</strong></td><td>Direkter Raum nach dem Eingang</td></tr><tr><td valign="top" style="width:40px;background-color:#222;"><strong>a_count</strong></td><td>1</td></tr><tr><td valign="top" style="width:40px;background-color:#222;"><strong>a_at</strong></td><td>2</td></tr><tr><td valign="top" style="width:40px;background-color:#222;"><strong>a_os</strong></td><td>1</td></tr><tr><td valign="top" style="width:40px;background-color:#222;"><strong>a_o</strong></td><td>1</td></tr><tr><td valign="top" style="width:40px;background-color:#222;"><strong>a_ea</strong></td><td>1</td></tr><tr><td valign="top" style="width:40px;background-color:#222;"><strong>parent_assetid</strong></td><td>1</td></tr></table>', 2),
(30, 50, '2020-10-16 17:54:53', 0, 'Asset updated. Parameter:<table border=1 cellspacing=0 cellpadding=3 width=100%><tr><td colspan=2 style="background-color:#111;"><strong><font color=white>ARRAY</font></strong></td></tr><tr><td valign="top" style="width:40px;background-color:#222;"><strong>a_name</strong></td><td>Lobby</td></tr><tr><td valign="top" style="width:40px;background-color:#222;"><strong>page</strong></td><td>assets</td></tr><tr><td valign="top" style="width:40px;background-color:#222;"><strong>f</strong></td><td>edit_asset</td></tr><tr><td valign="top" style="width:40px;background-color:#222;"><strong>a_id</strong></td><td>50</td></tr><tr><td valign="top" style="width:40px;background-color:#222;"><strong>a_desc</strong></td><td>Versammlungsraum mit mehreren Tischen, Lümmelecke, Zockerecke etc.</td></tr><tr><td valign="top" style="width:40px;background-color:#222;"><strong>a_loc</strong></td><td>Direkter Raum nach dem Eingang</td></tr><tr><td valign="top" style="width:40px;background-color:#222;"><strong>a_count</strong></td><td>1</td></tr><tr><td valign="top" style="width:40px;background-color:#222;"><strong>a_at</strong></td><td>2</td></tr><tr><td valign="top" style="width:40px;background-color:#222;"><strong>a_os</strong></td><td>1</td></tr><tr><td valign="top" style="width:40px;background-color:#222;"><strong>a_o</strong></td><td>1</td></tr><tr><td valign="top" style="width:40px;background-color:#222;"><strong>a_ea</strong></td><td>1</td></tr><tr><td valign="top" style="width:40px;background-color:#222;"><strong>parent_assetid</strong></td><td>1</td></tr></table>', 2),
(31, 46, '2020-10-16 18:01:00', 0, 'Asset updated. Parameter:<table border=1 cellspacing=0 cellpadding=3 width=100%><tr><td colspan=2 style="background-color:#111;"><strong><font color=white>ARRAY</font></strong></td></tr><tr><td valign="top" style="width:40px;background-color:#222;"><strong>a_name</strong></td><td>USG002</td></tr><tr><td valign="top" style="width:40px;background-color:#222;"><strong>page</strong></td><td>assets</td></tr><tr><td valign="top" style="width:40px;background-color:#222;"><strong>f</strong></td><td>edit_asset</td></tr><tr><td valign="top" style="width:40px;background-color:#222;"><strong>a_id</strong></td><td>46</td></tr><tr><td valign="top" style="width:40px;background-color:#222;"><strong>a_desc</strong></td><td>Unifi USG - Unifi Security Gateway Backup</td></tr><tr><td valign="top" style="width:40px;background-color:#222;"><strong>a_loc</strong></td><td>21</td></tr><tr><td valign="top" style="width:40px;background-color:#222;"><strong>a_count</strong></td><td>1</td></tr><tr><td valign="top" style="width:40px;background-color:#222;"><strong>a_at</strong></td><td>8</td></tr><tr><td valign="top" style="width:40px;background-color:#222;"><strong>a_os</strong></td><td>4</td></tr><tr><td valign="top" style="width:40px;background-color:#222;"><strong>a_o</strong></td><td>1</td></tr><tr><td valign="top" style="width:40px;background-color:#222;"><strong>a_ea</strong></td><td>4</td></tr><tr><td valign="top" style="width:40px;background-color:#222;"><strong>parent_assetid</strong></td><td>4</td></tr></table>', 2),
(32, 44, '2020-10-16 18:01:38', 0, 'Asset updated. Parameter:<table border=1 cellspacing=0 cellpadding=3 width=100%><tr><td colspan=2 style="background-color:#111;"><strong><font color=white>ARRAY</font></strong></td></tr><tr><td valign="top" style="width:40px;background-color:#222;"><strong>a_name</strong></td><td>test</td></tr><tr><td valign="top" style="width:40px;background-color:#222;"><strong>page</strong></td><td>assets</td></tr><tr><td valign="top" style="width:40px;background-color:#222;"><strong>f</strong></td><td>edit_asset</td></tr><tr><td valign="top" style="width:40px;background-color:#222;"><strong>a_id</strong></td><td>44</td></tr><tr><td valign="top" style="width:40px;background-color:#222;"><strong>a_desc</strong></td><td>test new log</td></tr><tr><td valign="top" style="width:40px;background-color:#222;"><strong>a_loc</strong></td><td>nowhere</td></tr><tr><td valign="top" style="width:40px;background-color:#222;"><strong>a_count</strong></td><td>1</td></tr><tr><td valign="top" style="width:40px;background-color:#222;"><strong>a_at</strong></td><td>7</td></tr><tr><td valign="top" style="width:40px;background-color:#222;"><strong>a_os</strong></td><td>5</td></tr><tr><td valign="top" style="width:40px;background-color:#222;"><strong>a_o</strong></td><td>2</td></tr><tr><td valign="top" style="width:40px;background-color:#222;"><strong>a_ea</strong></td><td>3</td></tr><tr><td valign="top" style="width:40px;background-color:#222;"><strong>parent_assetid</strong></td><td>3</td></tr></table>', 2),
(33, 43, '2020-10-16 18:01:52', 0, 'Asset updated. Parameter:<table border=1 cellspacing=0 cellpadding=3 width=100%><tr><td colspan=2 style="background-color:#111;"><strong><font color=white>ARRAY</font></strong></td></tr><tr><td valign="top" style="width:40px;background-color:#222;"><strong>a_name</strong></td><td>test</td></tr><tr><td valign="top" style="width:40px;background-color:#222;"><strong>page</strong></td><td>assets</td></tr><tr><td valign="top" style="width:40px;background-color:#222;"><strong>f</strong></td><td>edit_asset</td></tr><tr><td valign="top" style="width:40px;background-color:#222;"><strong>a_id</strong></td><td>43</td></tr><tr><td valign="top" style="width:40px;background-color:#222;"><strong>a_desc</strong></td><td>test new log</td></tr><tr><td valign="top" style="width:40px;background-color:#222;"><strong>a_loc</strong></td><td>nowhere</td></tr><tr><td valign="top" style="width:40px;background-color:#222;"><strong>a_count</strong></td><td>1</td></tr><tr><td valign="top" style="width:40px;background-color:#222;"><strong>a_at</strong></td><td>6</td></tr><tr><td valign="top" style="width:40px;background-color:#222;"><strong>a_os</strong></td><td>5</td></tr><tr><td valign="top" style="width:40px;background-color:#222;"><strong>a_o</strong></td><td>2</td></tr><tr><td valign="top" style="width:40px;background-color:#222;"><strong>a_ea</strong></td><td>3</td></tr><tr><td valign="top" style="width:40px;background-color:#222;"><strong>parent_assetid</strong></td><td>3</td></tr></table>', 2),
(34, 48, '2020-10-16 18:02:11', 0, 'Asset updated. Parameter:<table border=1 cellspacing=0 cellpadding=3 width=100%><tr><td colspan=2 style="background-color:#111;"><strong><font color=white>ARRAY</font></strong></td></tr><tr><td valign="top" style="width:40px;background-color:#222;"><strong>a_name</strong></td><td>Testitem</td></tr><tr><td valign="top" style="width:40px;background-color:#222;"><strong>page</strong></td><td>assets</td></tr><tr><td valign="top" style="width:40px;background-color:#222;"><strong>f</strong></td><td>edit_asset</td></tr><tr><td valign="top" style="width:40px;background-color:#222;"><strong>a_id</strong></td><td>48</td></tr><tr><td valign="top" style="width:40px;background-color:#222;"><strong>a_desc</strong></td><td>Das gehört Test</td></tr><tr><td valign="top" style="width:40px;background-color:#222;"><strong>a_loc</strong></td><td>what</td></tr><tr><td valign="top" style="width:40px;background-color:#222;"><strong>a_count</strong></td><td>1</td></tr><tr><td valign="top" style="width:40px;background-color:#222;"><strong>a_at</strong></td><td>5</td></tr><tr><td valign="top" style="width:40px;background-color:#222;"><strong>a_os</strong></td><td>1</td></tr><tr><td valign="top" style="width:40px;background-color:#222;"><strong>a_o</strong></td><td>4</td></tr><tr><td valign="top" style="width:40px;background-color:#222;"><strong>a_ea</strong></td><td>3</td></tr><tr><td valign="top" style="width:40px;background-color:#222;"><strong>parent_assetid</strong></td><td>3</td></tr></table>', 2),
(35, 49, '2020-10-16 18:02:28', 0, 'Asset updated. Parameter:<table border=1 cellspacing=0 cellpadding=3 width=100%><tr><td colspan=2 style="background-color:#111;"><strong><font color=white>ARRAY</font></strong></td></tr><tr><td valign="top" style="width:40px;background-color:#222;"><strong>a_name</strong></td><td>Testitem2</td></tr><tr><td valign="top" style="width:40px;background-color:#222;"><strong>page</strong></td><td>assets</td></tr><tr><td valign="top" style="width:40px;background-color:#222;"><strong>f</strong></td><td>edit_asset</td></tr><tr><td valign="top" style="width:40px;background-color:#222;"><strong>a_id</strong></td><td>49</td></tr><tr><td valign="top" style="width:40px;background-color:#222;"><strong>a_desc</strong></td><td>Mein 2tes Teil ;-)</td></tr><tr><td valign="top" style="width:40px;background-color:#222;"><strong>a_loc</strong></td><td></td></tr><tr><td valign="top" style="width:40px;background-color:#222;"><strong>a_count</strong></td><td>1</td></tr><tr><td valign="top" style="width:40px;background-color:#222;"><strong>a_at</strong></td><td>7</td></tr><tr><td valign="top" style="width:40px;background-color:#222;"><strong>a_os</strong></td><td>1</td></tr><tr><td valign="top" style="width:40px;background-color:#222;"><strong>a_o</strong></td><td>4</td></tr><tr><td valign="top" style="width:40px;background-color:#222;"><strong>a_ea</strong></td><td>3</td></tr><tr><td valign="top" style="width:40px;background-color:#222;"><strong>parent_assetid</strong></td><td>3</td></tr></table>', 2),
(36, 42, '2020-10-16 18:02:48', 0, 'Asset updated. Parameter:<table border=1 cellspacing=0 cellpadding=3 width=100%><tr><td colspan=2 style="background-color:#111;"><strong><font color=white>ARRAY</font></strong></td></tr><tr><td valign="top" style="width:40px;background-color:#222;"><strong>a_name</strong></td><td>test</td></tr><tr><td valign="top" style="width:40px;background-color:#222;"><strong>page</strong></td><td>assets</td></tr><tr><td valign="top" style="width:40px;background-color:#222;"><strong>f</strong></td><td>edit_asset</td></tr><tr><td valign="top" style="width:40px;background-color:#222;"><strong>a_id</strong></td><td>42</td></tr><tr><td valign="top" style="width:40px;background-color:#222;"><strong>a_desc</strong></td><td>test new log</td></tr><tr><td valign="top" style="width:40px;background-color:#222;"><strong>a_loc</strong></td><td>nowhere</td></tr><tr><td valign="top" style="width:40px;background-color:#222;"><strong>a_count</strong></td><td>1</td></tr><tr><td valign="top" style="width:40px;background-color:#222;"><strong>a_at</strong></td><td>7</td></tr><tr><td valign="top" style="width:40px;background-color:#222;"><strong>a_os</strong></td><td>5</td></tr><tr><td valign="top" style="width:40px;background-color:#222;"><strong>a_o</strong></td><td>6</td></tr><tr><td valign="top" style="width:40px;background-color:#222;"><strong>a_ea</strong></td><td>3</td></tr><tr><td valign="top" style="width:40px;background-color:#222;"><strong>parent_assetid</strong></td><td>3</td></tr></table>', 2),
(37, 51, '2020-10-16 23:54:03', 0, 'Asset created. Parameter:<table border=1 cellspacing=0 cellpadding=3 width=100%><tr><td colspan=2 style="background-color:#111;"><strong><font color=white>ARRAY</font></strong></td></tr><tr><td valign="top" style="width:40px;background-color:#222;"><strong>a_name</strong></td><td>Wiederstandssortiment</td></tr><tr><td valign="top" style="width:40px;background-color:#222;"><strong>f</strong></td><td>new_asset</td></tr><tr><td valign="top" style="width:40px;background-color:#222;"><strong>a_id</strong></td><td>0</td></tr><tr><td valign="top" style="width:40px;background-color:#222;"><strong>a_desc</strong></td><td>E12 Serie mit 0,5Watt</td></tr><tr><td valign="top" style="width:40px;background-color:#222;"><strong>a_loc</strong></td><td></td></tr><tr><td valign="top" style="width:40px;background-color:#222;"><strong>a_count</strong></td><td>1</td></tr><tr><td valign="top" style="width:40px;background-color:#222;"><strong>a_at</strong></td><td>5</td></tr><tr><td valign="top" style="width:40px;background-color:#222;"><strong>a_os</strong></td><td>1</td></tr><tr><td valign="top" style="width:40px;background-color:#222;"><strong>a_o</strong></td><td>10</td></tr><tr><td valign="top" style="width:40px;background-color:#222;"><strong>a_ea</strong></td><td>47</td></tr><tr><td valign="top" style="width:40px;background-color:#222;"><strong>parent_assetid</strong></td><td>47</td></tr></table>', 10),
(38, 51, '2020-10-16 23:55:25', 0, 'Asset updated. Parameter:<table border=1 cellspacing=0 cellpadding=3 width=100%><tr><td colspan=2 style="background-color:#111;"><strong><font color=white>ARRAY</font></strong></td></tr><tr><td valign="top" style="width:40px;background-color:#222;"><strong>a_name</strong></td><td>Widerstandssortiment</td></tr><tr><td valign="top" style="width:40px;background-color:#222;"><strong>page</strong></td><td>assets</td></tr><tr><td valign="top" style="width:40px;background-color:#222;"><strong>f</strong></td><td>edit_asset</td></tr><tr><td valign="top" style="width:40px;background-color:#222;"><strong>a_id</strong></td><td>51</td></tr><tr><td valign="top" style="width:40px;background-color:#222;"><strong>a_desc</strong></td><td>E12 Serie mit 0,5Watt</td></tr><tr><td valign="top" style="width:40px;background-color:#222;"><strong>a_loc</strong></td><td></td></tr><tr><td valign="top" style="width:40px;background-color:#222;"><strong>a_count</strong></td><td>1</td></tr><tr><td valign="top" style="width:40px;background-color:#222;"><strong>a_at</strong></td><td>5</td></tr><tr><td valign="top" style="width:40px;background-color:#222;"><strong>a_os</strong></td><td>1</td></tr><tr><td valign="top" style="width:40px;background-color:#222;"><strong>a_o</strong></td><td>10</td></tr><tr><td valign="top" style="width:40px;background-color:#222;"><strong>a_ea</strong></td><td>47</td></tr><tr><td valign="top" style="width:40px;background-color:#222;"><strong>parent_assetid</strong></td><td>47</td></tr></table>', 10),
(39, 52, '2020-10-17 00:47:15', 0, 'Asset created. Parameter:<table border=1 cellspacing=0 cellpadding=3 width=100%><tr><td colspan=2 style="background-color:#111;"><strong><font color=white>ARRAY</font></strong></td></tr><tr><td valign="top" style="width:40px;background-color:#222;"><strong>a_name</strong></td><td>1,0Ohm 0,5Watt Widerstand</td></tr><tr><td valign="top" style="width:40px;background-color:#222;"><strong>f</strong></td><td>new_asset</td></tr><tr><td valign="top" style="width:40px;background-color:#222;"><strong>a_id</strong></td><td>0</td></tr><tr><td valign="top" style="width:40px;background-color:#222;"><strong>a_desc</strong></td><td></td></tr><tr><td valign="top" style="width:40px;background-color:#222;"><strong>a_loc</strong></td><td></td></tr><tr><td valign="top" style="width:40px;background-color:#222;"><strong>a_count</strong></td><td>1</td></tr><tr><td valign="top" style="width:40px;background-color:#222;"><strong>a_at</strong></td><td>6</td></tr><tr><td valign="top" style="width:40px;background-color:#222;"><strong>a_os</strong></td><td>1</td></tr><tr><td valign="top" style="width:40px;background-color:#222;"><strong>a_o</strong></td><td>1</td></tr><tr><td valign="top" style="width:40px;background-color:#222;"><strong>a_ea</strong></td><td>51</td></tr><tr><td valign="top" style="width:40px;background-color:#222;"><strong>parent_assetid</strong></td><td>51</td></tr></table>', 1),
(40, 53, '2020-10-17 00:47:26', 0, 'Asset created. Parameter:<table border=1 cellspacing=0 cellpadding=3 width=100%><tr><td colspan=2 style="background-color:#111;"><strong><font color=white>ARRAY</font></strong></td></tr><tr><td valign="top" style="width:40px;background-color:#222;"><strong>a_name</strong></td><td>1,2Ohm 0,5Watt Widerstand</td></tr><tr><td valign="top" style="width:40px;background-color:#222;"><strong>f</strong></td><td>new_asset</td></tr><tr><td valign="top" style="width:40px;background-color:#222;"><strong>a_id</strong></td><td>0</td></tr><tr><td valign="top" style="width:40px;background-color:#222;"><strong>a_desc</strong></td><td></td></tr><tr><td valign="top" style="width:40px;background-color:#222;"><strong>a_loc</strong></td><td></td></tr><tr><td valign="top" style="width:40px;background-color:#222;"><strong>a_count</strong></td><td>1</td></tr><tr><td valign="top" style="width:40px;background-color:#222;"><strong>a_at</strong></td><td>6</td></tr><tr><td valign="top" style="width:40px;background-color:#222;"><strong>a_os</strong></td><td>1</td></tr><tr><td valign="top" style="width:40px;background-color:#222;"><strong>a_o</strong></td><td>1</td></tr><tr><td valign="top" style="width:40px;background-color:#222;"><strong>a_ea</strong></td><td>51</td></tr><tr><td valign="top" style="width:40px;background-color:#222;"><strong>parent_assetid</strong></td><td>51</td></tr></table>', 1),
(41, 54, '2020-10-17 00:47:39', 0, 'Asset created. Parameter:<table border=1 cellspacing=0 cellpadding=3 width=100%><tr><td colspan=2 style="background-color:#111;"><strong><font color=white>ARRAY</font></strong></td></tr><tr><td valign="top" style="width:40px;background-color:#222;"><strong>a_name</strong></td><td>1,5Ohm 0,5Watt Widerstand</td></tr><tr><td valign="top" style="width:40px;background-color:#222;"><strong>f</strong></td><td>new_asset</td></tr><tr><td valign="top" style="width:40px;background-color:#222;"><strong>a_id</strong></td><td>0</td></tr><tr><td valign="top" style="width:40px;background-color:#222;"><strong>a_desc</strong></td><td></td></tr><tr><td valign="top" style="width:40px;background-color:#222;"><strong>a_loc</strong></td><td></td></tr><tr><td valign="top" style="width:40px;background-color:#222;"><strong>a_count</strong></td><td>1</td></tr><tr><td valign="top" style="width:40px;background-color:#222;"><strong>a_at</strong></td><td>6</td></tr><tr><td valign="top" style="width:40px;background-color:#222;"><strong>a_os</strong></td><td>1</td></tr><tr><td valign="top" style="width:40px;background-color:#222;"><strong>a_o</strong></td><td>1</td></tr><tr><td valign="top" style="width:40px;background-color:#222;"><strong>a_ea</strong></td><td>51</td></tr><tr><td valign="top" style="width:40px;background-color:#222;"><strong>parent_assetid</strong></td><td>51</td></tr></table>', 1),
(42, 55, '2020-10-17 00:47:49', 0, 'Asset created. Parameter:<table border=1 cellspacing=0 cellpadding=3 width=100%><tr><td colspan=2 style="background-color:#111;"><strong><font color=white>ARRAY</font></strong></td></tr><tr><td valign="top" style="width:40px;background-color:#222;"><strong>a_name</strong></td><td>1,8Ohm 0,5Watt Widerstand</td></tr><tr><td valign="top" style="width:40px;background-color:#222;"><strong>f</strong></td><td>new_asset</td></tr><tr><td valign="top" style="width:40px;background-color:#222;"><strong>a_id</strong></td><td>0</td></tr><tr><td valign="top" style="width:40px;background-color:#222;"><strong>a_desc</strong></td><td></td></tr><tr><td valign="top" style="width:40px;background-color:#222;"><strong>a_loc</strong></td><td></td></tr><tr><td valign="top" style="width:40px;background-color:#222;"><strong>a_count</strong></td><td>1</td></tr><tr><td valign="top" style="width:40px;background-color:#222;"><strong>a_at</strong></td><td>6</td></tr><tr><td valign="top" style="width:40px;background-color:#222;"><strong>a_os</strong></td><td>1</td></tr><tr><td valign="top" style="width:40px;background-color:#222;"><strong>a_o</strong></td><td>1</td></tr><tr><td valign="top" style="width:40px;background-color:#222;"><strong>a_ea</strong></td><td>51</td></tr><tr><td valign="top" style="width:40px;background-color:#222;"><strong>parent_assetid</strong></td><td>51</td></tr></table>', 1),
(43, 56, '2020-10-17 00:48:05', 0, 'Asset created. Parameter:<table border=1 cellspacing=0 cellpadding=3 width=100%><tr><td colspan=2 style="background-color:#111;"><strong><font color=white>ARRAY</font></strong></td></tr><tr><td valign="top" style="width:40px;background-color:#222;"><strong>a_name</strong></td><td>2,2Ohm 0,5Watt Widerstand</td></tr><tr><td valign="top" style="width:40px;background-color:#222;"><strong>f</strong></td><td>new_asset</td></tr><tr><td valign="top" style="width:40px;background-color:#222;"><strong>a_id</strong></td><td>0</td></tr><tr><td valign="top" style="width:40px;background-color:#222;"><strong>a_desc</strong></td><td></td></tr><tr><td valign="top" style="width:40px;background-color:#222;"><strong>a_loc</strong></td><td></td></tr><tr><td valign="top" style="width:40px;background-color:#222;"><strong>a_count</strong></td><td>1</td></tr><tr><td valign="top" style="width:40px;background-color:#222;"><strong>a_at</strong></td><td>6</td></tr><tr><td valign="top" style="width:40px;background-color:#222;"><strong>a_os</strong></td><td>1</td></tr><tr><td valign="top" style="width:40px;background-color:#222;"><strong>a_o</strong></td><td>1</td></tr><tr><td valign="top" style="width:40px;background-color:#222;"><strong>a_ea</strong></td><td>51</td></tr><tr><td valign="top" style="width:40px;background-color:#222;"><strong>parent_assetid</strong></td><td>51</td></tr></table>', 1),
(44, 57, '2020-10-17 00:48:15', 0, 'Asset created. Parameter:<table border=1 cellspacing=0 cellpadding=3 width=100%><tr><td colspan=2 style="background-color:#111;"><strong><font color=white>ARRAY</font></strong></td></tr><tr><td valign="top" style="width:40px;background-color:#222;"><strong>a_name</strong></td><td>2,7Ohm 0,5Watt Widerstand</td></tr><tr><td valign="top" style="width:40px;background-color:#222;"><strong>f</strong></td><td>new_asset</td></tr><tr><td valign="top" style="width:40px;background-color:#222;"><strong>a_id</strong></td><td>0</td></tr><tr><td valign="top" style="width:40px;background-color:#222;"><strong>a_desc</strong></td><td></td></tr><tr><td valign="top" style="width:40px;background-color:#222;"><strong>a_loc</strong></td><td></td></tr><tr><td valign="top" style="width:40px;background-color:#222;"><strong>a_count</strong></td><td>1</td></tr><tr><td valign="top" style="width:40px;background-color:#222;"><strong>a_at</strong></td><td>6</td></tr><tr><td valign="top" style="width:40px;background-color:#222;"><strong>a_os</strong></td><td>1</td></tr><tr><td valign="top" style="width:40px;background-color:#222;"><strong>a_o</strong></td><td>1</td></tr><tr><td valign="top" style="width:40px;background-color:#222;"><strong>a_ea</strong></td><td>51</td></tr><tr><td valign="top" style="width:40px;background-color:#222;"><strong>parent_assetid</strong></td><td>51</td></tr></table>', 1),
(45, 58, '2020-10-17 00:49:31', 0, 'Asset created. Parameter:<table border=1 cellspacing=0 cellpadding=3 width=100%><tr><td colspan=2 style="background-color:#111;"><strong><font color=white>ARRAY</font></strong></td></tr><tr><td valign="top" style="width:40px;background-color:#222;"><strong>a_name</strong></td><td>3,3Ohm 0,5Watt Widerstand</td></tr><tr><td valign="top" style="width:40px;background-color:#222;"><strong>f</strong></td><td>new_asset</td></tr><tr><td valign="top" style="width:40px;background-color:#222;"><strong>a_id</strong></td><td>0</td></tr><tr><td valign="top" style="width:40px;background-color:#222;"><strong>a_desc</strong></td><td></td></tr><tr><td valign="top" style="width:40px;background-color:#222;"><strong>a_loc</strong></td><td></td></tr><tr><td valign="top" style="width:40px;background-color:#222;"><strong>a_count</strong></td><td>1</td></tr><tr><td valign="top" style="width:40px;background-color:#222;"><strong>a_at</strong></td><td>6</td></tr><tr><td valign="top" style="width:40px;background-color:#222;"><strong>a_os</strong></td><td>1</td></tr><tr><td valign="top" style="width:40px;background-color:#222;"><strong>a_o</strong></td><td>1</td></tr><tr><td valign="top" style="width:40px;background-color:#222;"><strong>a_ea</strong></td><td>51</td></tr><tr><td valign="top" style="width:40px;background-color:#222;"><strong>parent_assetid</strong></td><td>51</td></tr></table>', 1),
(46, 59, '2020-10-17 00:49:47', 0, 'Asset created. Parameter:<table border=1 cellspacing=0 cellpadding=3 width=100%><tr><td colspan=2 style="background-color:#111;"><strong><font color=white>ARRAY</font></strong></td></tr><tr><td valign="top" style="width:40px;background-color:#222;"><strong>a_name</strong></td><td>3,9Ohm 0,5Watt Widerstand</td></tr><tr><td valign="top" style="width:40px;background-color:#222;"><strong>f</strong></td><td>new_asset</td></tr><tr><td valign="top" style="width:40px;background-color:#222;"><strong>a_id</strong></td><td>0</td></tr><tr><td valign="top" style="width:40px;background-color:#222;"><strong>a_desc</strong></td><td></td></tr><tr><td valign="top" style="width:40px;background-color:#222;"><strong>a_loc</strong></td><td></td></tr><tr><td valign="top" style="width:40px;background-color:#222;"><strong>a_count</strong></td><td>1</td></tr><tr><td valign="top" style="width:40px;background-color:#222;"><strong>a_at</strong></td><td>6</td></tr><tr><td valign="top" style="width:40px;background-color:#222;"><strong>a_os</strong></td><td>1</td></tr><tr><td valign="top" style="width:40px;background-color:#222;"><strong>a_o</strong></td><td>1</td></tr><tr><td valign="top" style="width:40px;background-color:#222;"><strong>a_ea</strong></td><td>51</td></tr><tr><td valign="top" style="width:40px;background-color:#222;"><strong>parent_assetid</strong></td><td>51</td></tr></table>', 1),
(47, 60, '2020-10-17 00:50:05', 0, 'Asset created. Parameter:<table border=1 cellspacing=0 cellpadding=3 width=100%><tr><td colspan=2 style="background-color:#111;"><strong><font color=white>ARRAY</font></strong></td></tr><tr><td valign="top" style="width:40px;background-color:#222;"><strong>a_name</strong></td><td>4,7Ohm 0,5Watt Widerstand</td></tr><tr><td valign="top" style="width:40px;background-color:#222;"><strong>f</strong></td><td>new_asset</td></tr><tr><td valign="top" style="width:40px;background-color:#222;"><strong>a_id</strong></td><td>0</td></tr><tr><td valign="top" style="width:40px;background-color:#222;"><strong>a_desc</strong></td><td></td></tr><tr><td valign="top" style="width:40px;background-color:#222;"><strong>a_loc</strong></td><td></td></tr><tr><td valign="top" style="width:40px;background-color:#222;"><strong>a_count</strong></td><td>1</td></tr><tr><td valign="top" style="width:40px;background-color:#222;"><strong>a_at</strong></td><td>6</td></tr><tr><td valign="top" style="width:40px;background-color:#222;"><strong>a_os</strong></td><td>1</td></tr><tr><td valign="top" style="width:40px;background-color:#222;"><strong>a_o</strong></td><td>1</td></tr><tr><td valign="top" style="width:40px;background-color:#222;"><strong>a_ea</strong></td><td>51</td></tr><tr><td valign="top" style="width:40px;background-color:#222;"><strong>parent_assetid</strong></td><td>51</td></tr></table>', 1),
(48, 61, '2020-10-17 00:50:50', 0, 'Asset created. Parameter:<table border=1 cellspacing=0 cellpadding=3 width=100%><tr><td colspan=2 style="background-color:#111;"><strong><font color=white>ARRAY</font></strong></td></tr><tr><td valign="top" style="width:40px;background-color:#222;"><strong>a_name</strong></td><td>5,6Ohm 0,5Watt Widerstand</td></tr><tr><td valign="top" style="width:40px;background-color:#222;"><strong>f</strong></td><td>new_asset</td></tr><tr><td valign="top" style="width:40px;background-color:#222;"><strong>a_id</strong></td><td>0</td></tr><tr><td valign="top" style="width:40px;background-color:#222;"><strong>a_desc</strong></td><td></td></tr><tr><td valign="top" style="width:40px;background-color:#222;"><strong>a_loc</strong></td><td></td></tr><tr><td valign="top" style="width:40px;background-color:#222;"><strong>a_count</strong></td><td>1</td></tr><tr><td valign="top" style="width:40px;background-color:#222;"><strong>a_at</strong></td><td>6</td></tr><tr><td valign="top" style="width:40px;background-color:#222;"><strong>a_os</strong></td><td>1</td></tr><tr><td valign="top" style="width:40px;background-color:#222;"><strong>a_o</strong></td><td>1</td></tr><tr><td valign="top" style="width:40px;background-color:#222;"><strong>a_ea</strong></td><td>51</td></tr><tr><td valign="top" style="width:40px;background-color:#222;"><strong>parent_assetid</strong></td><td>51</td></tr></table>', 1),
(49, 62, '2020-10-17 00:51:01', 0, 'Asset created. Parameter:<table border=1 cellspacing=0 cellpadding=3 width=100%><tr><td colspan=2 style="background-color:#111;"><strong><font color=white>ARRAY</font></strong></td></tr><tr><td valign="top" style="width:40px;background-color:#222;"><strong>a_name</strong></td><td>6,8Ohm 0,5Watt Widerstand</td></tr><tr><td valign="top" style="width:40px;background-color:#222;"><strong>f</strong></td><td>new_asset</td></tr><tr><td valign="top" style="width:40px;background-color:#222;"><strong>a_id</strong></td><td>0</td></tr><tr><td valign="top" style="width:40px;background-color:#222;"><strong>a_desc</strong></td><td></td></tr><tr><td valign="top" style="width:40px;background-color:#222;"><strong>a_loc</strong></td><td></td></tr><tr><td valign="top" style="width:40px;background-color:#222;"><strong>a_count</strong></td><td>1</td></tr><tr><td valign="top" style="width:40px;background-color:#222;"><strong>a_at</strong></td><td>6</td></tr><tr><td valign="top" style="width:40px;background-color:#222;"><strong>a_os</strong></td><td>1</td></tr><tr><td valign="top" style="width:40px;background-color:#222;"><strong>a_o</strong></td><td>1</td></tr><tr><td valign="top" style="width:40px;background-color:#222;"><strong>a_ea</strong></td><td>51</td></tr><tr><td valign="top" style="width:40px;background-color:#222;"><strong>parent_assetid</strong></td><td>51</td></tr></table>', 1),
(50, 63, '2020-10-17 00:51:11', 0, 'Asset created. Parameter:<table border=1 cellspacing=0 cellpadding=3 width=100%><tr><td colspan=2 style="background-color:#111;"><strong><font color=white>ARRAY</font></strong></td></tr><tr><td valign="top" style="width:40px;background-color:#222;"><strong>a_name</strong></td><td>8,2Ohm 0,5Watt Widerstand</td></tr><tr><td valign="top" style="width:40px;background-color:#222;"><strong>f</strong></td><td>new_asset</td></tr><tr><td valign="top" style="width:40px;background-color:#222;"><strong>a_id</strong></td><td>0</td></tr><tr><td valign="top" style="width:40px;background-color:#222;"><strong>a_desc</strong></td><td></td></tr><tr><td valign="top" style="width:40px;background-color:#222;"><strong>a_loc</strong></td><td></td></tr><tr><td valign="top" style="width:40px;background-color:#222;"><strong>a_count</strong></td><td>1</td></tr><tr><td valign="top" style="width:40px;background-color:#222;"><strong>a_at</strong></td><td>6</td></tr><tr><td valign="top" style="width:40px;background-color:#222;"><strong>a_os</strong></td><td>1</td></tr><tr><td valign="top" style="width:40px;background-color:#222;"><strong>a_o</strong></td><td>1</td></tr><tr><td valign="top" style="width:40px;background-color:#222;"><strong>a_ea</strong></td><td>51</td></tr><tr><td valign="top" style="width:40px;background-color:#222;"><strong>parent_assetid</strong></td><td>51</td></tr></table>', 1),
(51, 7, '2020-10-17 10:09:36', 0, 'Asset updated. Parameter:<table border=1 cellspacing=0 cellpadding=3 width=100%><tr><td colspan=2 style="background-color:#111;"><strong><font color=white>ARRAY</font></strong></td></tr><tr><td valign="top" style="width:40px;background-color:#222;"><strong>a_name</strong></td><td>UNKNOWN</td></tr><tr><td valign="top" style="width:40px;background-color:#222;"><strong>page</strong></td><td>assets</td></tr><tr><td valign="top" style="width:40px;background-color:#222;"><strong>f</strong></td><td>edit_asset</td></tr><tr><td valign="top" style="width:40px;background-color:#222;"><strong>a_id</strong></td><td>7</td></tr><tr><td valign="top" style="width:40px;background-color:#222;"><strong>a_desc</strong></td><td>TEST</td></tr><tr><td valign="top" style="width:40px;background-color:#222;"><strong>a_loc</strong></td><td></td></tr><tr><td valign="top" style="width:40px;background-color:#222;"><strong>a_count</strong></td><td>1</td></tr><tr><td valign="top" style="width:40px;background-color:#222;"><strong>a_at</strong></td><td>6</td></tr><tr><td valign="top" style="width:40px;background-color:#222;"><strong>a_os</strong></td><td>6</td></tr><tr><td valign="top" style="width:40px;background-color:#222;"><strong>a_o</strong></td><td>2</td></tr><tr><td valign="top" style="width:40px;background-color:#222;"><strong>a_ea</strong></td><td>4</td></tr><tr><td valign="top" style="width:40px;background-color:#222;"><strong>parent_assetid</strong></td><td>4</td></tr></table>', 2),
(52, 46, '2020-10-19 17:41:51', 0, 'Asset updated. Parameter:<table border=1 cellspacing=0 cellpadding=3 width=100%><tr><td colspan=2 style="background-color:#111;"><strong><font color=white>ARRAY</font></strong></td></tr><tr><td valign="top" style="width:40px;background-color:#222;"><strong>a_name</strong></td><td>USG002</td></tr><tr><td valign="top" style="width:40px;background-color:#222;"><strong>page</strong></td><td>assets</td></tr><tr><td valign="top" style="width:40px;background-color:#222;"><strong>f</strong></td><td>edit_asset</td></tr><tr><td valign="top" style="width:40px;background-color:#222;"><strong>a_id</strong></td><td>46</td></tr><tr><td valign="top" style="width:40px;background-color:#222;"><strong>a_desc</strong></td><td>Unifi USG - Unifi Security Gateway Backup</td></tr><tr><td valign="top" style="width:40px;background-color:#222;"><strong>a_loc</strong></td><td>21</td></tr><tr><td valign="top" style="width:40px;background-color:#222;"><strong>a_count</strong></td><td>1</td></tr><tr><td valign="top" style="width:40px;background-color:#222;"><strong>a_at</strong></td><td>8</td></tr><tr><td valign="top" style="width:40px;background-color:#222;"><strong>a_os</strong></td><td>4</td></tr><tr><td valign="top" style="width:40px;background-color:#222;"><strong>a_o</strong></td><td>1</td></tr><tr><td valign="top" style="width:40px;background-color:#222;"><strong>a_ea</strong></td><td>50</td></tr><tr><td valign="top" style="width:40px;background-color:#222;"><strong>parent_assetid</strong></td><td>4</td></tr></table>', 2),
(53, 46, '2020-10-19 17:42:27', 0, 'Asset updated. Parameter:<table border=1 cellspacing=0 cellpadding=3 width=100%><tr><td colspan=2 style="background-color:#111;"><strong><font color=white>ARRAY</font></strong></td></tr><tr><td valign="top" style="width:40px;background-color:#222;"><strong>a_name</strong></td><td>USG002</td></tr><tr><td valign="top" style="width:40px;background-color:#222;"><strong>page</strong></td><td>assets</td></tr><tr><td valign="top" style="width:40px;background-color:#222;"><strong>f</strong></td><td>edit_asset</td></tr><tr><td valign="top" style="width:40px;background-color:#222;"><strong>a_id</strong></td><td>46</td></tr><tr><td valign="top" style="width:40px;background-color:#222;"><strong>a_desc</strong></td><td>Unifi USG - Unifi Security Gateway Backup</td></tr><tr><td valign="top" style="width:40px;background-color:#222;"><strong>a_loc</strong></td><td>21</td></tr><tr><td valign="top" style="width:40px;background-color:#222;"><strong>a_count</strong></td><td>1</td></tr><tr><td valign="top" style="width:40px;background-color:#222;"><strong>a_at</strong></td><td>8</td></tr><tr><td valign="top" style="width:40px;background-color:#222;"><strong>a_os</strong></td><td>4</td></tr><tr><td valign="top" style="width:40px;background-color:#222;"><strong>a_o</strong></td><td>1</td></tr><tr><td valign="top" style="width:40px;background-color:#222;"><strong>a_ea</strong></td><td>4</td></tr><tr><td valign="top" style="width:40px;background-color:#222;"><strong>parent_assetid</strong></td><td>50</td></tr></table>', 2),
(54, 46, '2020-10-19 17:43:43', 0, 'Asset updated. Parameter:<table border=1 cellspacing=0 cellpadding=3 width=100%><tr><td colspan=2 style="background-color:#111;"><strong><font color=white>ARRAY</font></strong></td></tr><tr><td valign="top" style="width:40px;background-color:#222;"><strong>a_name</strong></td><td>USG002</td></tr><tr><td valign="top" style="width:40px;background-color:#222;"><strong>page</strong></td><td>assets</td></tr><tr><td valign="top" style="width:40px;background-color:#222;"><strong>f</strong></td><td>edit_asset</td></tr><tr><td valign="top" style="width:40px;background-color:#222;"><strong>a_id</strong></td><td>46</td></tr><tr><td valign="top" style="width:40px;background-color:#222;"><strong>a_desc</strong></td><td>Unifi USG - Unifi Security Gateway Backup</td></tr><tr><td valign="top" style="width:40px;background-color:#222;"><strong>a_loc</strong></td><td>21</td></tr><tr><td valign="top" style="width:40px;background-color:#222;"><strong>a_count</strong></td><td>1</td></tr><tr><td valign="top" style="width:40px;background-color:#222;"><strong>a_at</strong></td><td>8</td></tr><tr><td valign="top" style="width:40px;background-color:#222;"><strong>a_os</strong></td><td>4</td></tr><tr><td valign="top" style="width:40px;background-color:#222;"><strong>a_o</strong></td><td>1</td></tr><tr><td valign="top" style="width:40px;background-color:#222;"><strong>a_ea</strong></td><td>47</td></tr><tr><td valign="top" style="width:40px;background-color:#222;"><strong>parent_assetid</strong></td><td>4</td></tr></table>', 2),
(55, 46, '2020-10-19 17:44:00', 0, 'Asset updated. Parameter:<table border=1 cellspacing=0 cellpadding=3 width=100%><tr><td colspan=2 style="background-color:#111;"><strong><font color=white>ARRAY</font></strong></td></tr><tr><td valign="top" style="width:40px;background-color:#222;"><strong>a_name</strong></td><td>USG002</td></tr><tr><td valign="top" style="width:40px;background-color:#222;"><strong>page</strong></td><td>assets</td></tr><tr><td valign="top" style="width:40px;background-color:#222;"><strong>f</strong></td><td>edit_asset</td></tr><tr><td valign="top" style="width:40px;background-color:#222;"><strong>a_id</strong></td><td>46</td></tr><tr><td valign="top" style="width:40px;background-color:#222;"><strong>a_desc</strong></td><td>Unifi USG - Unifi Security Gateway Backup</td></tr><tr><td valign="top" style="width:40px;background-color:#222;"><strong>a_loc</strong></td><td>21</td></tr><tr><td valign="top" style="width:40px;background-color:#222;"><strong>a_count</strong></td><td>1</td></tr><tr><td valign="top" style="width:40px;background-color:#222;"><strong>a_at</strong></td><td>8</td></tr><tr><td valign="top" style="width:40px;background-color:#222;"><strong>a_os</strong></td><td>4</td></tr><tr><td valign="top" style="width:40px;background-color:#222;"><strong>a_o</strong></td><td>1</td></tr><tr><td valign="top" style="width:40px;background-color:#222;"><strong>a_ea</strong></td><td>4</td></tr><tr><td valign="top" style="width:40px;background-color:#222;"><strong>parent_assetid</strong></td><td>47</td></tr></table>', 2),
(56, 2, '2020-10-19 17:44:53', 0, 'Asset updated. Parameter:<table border=1 cellspacing=0 cellpadding=3 width=100%><tr><td colspan=2 style="background-color:#111;"><strong><font color=white>ARRAY</font></strong></td></tr><tr><td valign="top" style="width:40px;background-color:#222;"><strong>a_name</strong></td><td>RZ - Rechenzentrum</td></tr><tr><td valign="top" style="width:40px;background-color:#222;"><strong>page</strong></td><td>assets</td></tr><tr><td valign="top" style="width:40px;background-color:#222;"><strong>f</strong></td><td>edit_asset</td></tr><tr><td valign="top" style="width:40px;background-color:#222;"><strong>a_id</strong></td><td>2</td></tr><tr><td valign="top" style="width:40px;background-color:#222;"><strong>a_desc</strong></td><td>Unsere Datenzentrale</td></tr><tr><td valign="top" style="width:40px;background-color:#222;"><strong>a_loc</strong></td><td></td></tr><tr><td valign="top" style="width:40px;background-color:#222;"><strong>a_count</strong></td><td>1</td></tr><tr><td valign="top" style="width:40px;background-color:#222;"><strong>a_at</strong></td><td>2</td></tr><tr><td valign="top" style="width:40px;background-color:#222;"><strong>a_os</strong></td><td>4</td></tr><tr><td valign="top" style="width:40px;background-color:#222;"><strong>a_o</strong></td><td>1</td></tr><tr><td valign="top" style="width:40px;background-color:#222;"><strong>a_ea</strong></td><td>1</td></tr><tr><td valign="top" style="width:40px;background-color:#222;"><strong>parent_assetid</strong></td><td>1</td></tr></table>', 2);
INSERT INTO `log` (`idlog`, `asset_idasset`, `datetime`, `countchange`, `action`, `owner_idowner`) VALUES
(57, 6, '2020-10-19 17:56:17', 0, 'Asset updated. Parameter:<table border=1 cellspacing=0 cellpadding=3 width=100%><tr><td colspan=2 style="background-color:#111;"><strong><font color=white>ARRAY</font></strong></td></tr><tr><td valign="top" style="width:40px;background-color:#222;"><strong>a_name</strong></td><td>USG 001</td></tr><tr><td valign="top" style="width:40px;background-color:#222;"><strong>page</strong></td><td>assets</td></tr><tr><td valign="top" style="width:40px;background-color:#222;"><strong>f</strong></td><td>edit_asset</td></tr><tr><td valign="top" style="width:40px;background-color:#222;"><strong>a_id</strong></td><td>6</td></tr><tr><td valign="top" style="width:40px;background-color:#222;"><strong>a_desc</strong></td><td>Ubiquiti Unify Security Gateway</td></tr><tr><td valign="top" style="width:40px;background-color:#222;"><strong>a_loc</strong></td><td>Pos. 20</td></tr><tr><td valign="top" style="width:40px;background-color:#222;"><strong>a_count</strong></td><td>1</td></tr><tr><td valign="top" style="width:40px;background-color:#222;"><strong>a_at</strong></td><td>8</td></tr><tr><td valign="top" style="width:40px;background-color:#222;"><strong>a_os</strong></td><td>4</td></tr><tr><td valign="top" style="width:40px;background-color:#222;"><strong>a_o</strong></td><td>1</td></tr><tr><td valign="top" style="width:40px;background-color:#222;"><strong>a_ea</strong></td><td>5</td></tr><tr><td valign="top" style="width:40px;background-color:#222;"><strong>parent_assetid</strong></td><td>4</td></tr></table>', 2),
(58, 6, '2020-10-19 17:56:47', 0, 'Asset updated. Parameter:<table border=1 cellspacing=0 cellpadding=3 width=100%><tr><td colspan=2 style="background-color:#111;"><strong><font color=white>ARRAY</font></strong></td></tr><tr><td valign="top" style="width:40px;background-color:#222;"><strong>a_name</strong></td><td>USG 001</td></tr><tr><td valign="top" style="width:40px;background-color:#222;"><strong>page</strong></td><td>assets</td></tr><tr><td valign="top" style="width:40px;background-color:#222;"><strong>f</strong></td><td>edit_asset</td></tr><tr><td valign="top" style="width:40px;background-color:#222;"><strong>a_id</strong></td><td>6</td></tr><tr><td valign="top" style="width:40px;background-color:#222;"><strong>a_desc</strong></td><td>Ubiquiti Unify Security Gateway</td></tr><tr><td valign="top" style="width:40px;background-color:#222;"><strong>a_loc</strong></td><td>Pos. 20</td></tr><tr><td valign="top" style="width:40px;background-color:#222;"><strong>a_count</strong></td><td>1</td></tr><tr><td valign="top" style="width:40px;background-color:#222;"><strong>a_at</strong></td><td>8</td></tr><tr><td valign="top" style="width:40px;background-color:#222;"><strong>a_os</strong></td><td>4</td></tr><tr><td valign="top" style="width:40px;background-color:#222;"><strong>a_o</strong></td><td>1</td></tr><tr><td valign="top" style="width:40px;background-color:#222;"><strong>a_ea</strong></td><td>4</td></tr><tr><td valign="top" style="width:40px;background-color:#222;"><strong>parent_assetid</strong></td><td>5</td></tr></table>', 2),
(59, 52, '2020-10-20 22:46:16', 0, 'Asset updated. Parameter:<table border=1 cellspacing=0 cellpadding=3 width=100%><tr><td colspan=2 style="background-color:#111;"><strong><font color=white>ARRAY</font></strong></td></tr><tr><td valign="top" style="width:40px;background-color:#222;"><strong>a_name</strong></td><td>1,0Ohm 0,5Watt Widerstand</td></tr><tr><td valign="top" style="width:40px;background-color:#222;"><strong>page</strong></td><td>assets</td></tr><tr><td valign="top" style="width:40px;background-color:#222;"><strong>f</strong></td><td>edit_asset</td></tr><tr><td valign="top" style="width:40px;background-color:#222;"><strong>a_id</strong></td><td>52</td></tr><tr><td valign="top" style="width:40px;background-color:#222;"><strong>a_desc</strong></td><td></td></tr><tr><td valign="top" style="width:40px;background-color:#222;"><strong>a_loc</strong></td><td></td></tr><tr><td valign="top" style="width:40px;background-color:#222;"><strong>a_count</strong></td><td>1</td></tr><tr><td valign="top" style="width:40px;background-color:#222;"><strong>a_at</strong></td><td>6</td></tr><tr><td valign="top" style="width:40px;background-color:#222;"><strong>a_os</strong></td><td>1</td></tr><tr><td valign="top" style="width:40px;background-color:#222;"><strong>a_o</strong></td><td>1</td></tr><tr><td valign="top" style="width:40px;background-color:#222;"><strong>a_ea</strong></td><td>51</td></tr><tr><td valign="top" style="width:40px;background-color:#222;"><strong>parent_assetid</strong></td><td>51</td></tr></table>', 2),
(60, 45, '2020-10-23 10:18:32', 0, 'Asset updated. Parameter:<table border=1 cellspacing=0 cellpadding=3 width=100%><tr><td colspan=2 style="background-color:#111;"><strong><font color=white>ARRAY</font></strong></td></tr><tr><td valign="top" style="width:40px;background-color:#222;"><strong>a_name</strong></td><td>10k 100W Widerstand</td></tr><tr><td valign="top" style="width:40px;background-color:#222;"><strong>page</strong></td><td>assets</td></tr><tr><td valign="top" style="width:40px;background-color:#222;"><strong>f</strong></td><td>edit_asset</td></tr><tr><td valign="top" style="width:40px;background-color:#222;"><strong>a_id</strong></td><td>45</td></tr><tr><td valign="top" style="width:40px;background-color:#222;"><strong>a_desc</strong></td><td>Widerstand 10kOhm 100Watt Leistung Toleranz 5%</td></tr><tr><td valign="top" style="width:40px;background-color:#222;"><strong>a_loc</strong></td><td>Auf dem Schank</td></tr><tr><td valign="top" style="width:40px;background-color:#222;"><strong>a_count</strong></td><td>2</td></tr><tr><td valign="top" style="width:40px;background-color:#222;"><strong>a_at</strong></td><td>6</td></tr><tr><td valign="top" style="width:40px;background-color:#222;"><strong>a_os</strong></td><td>3</td></tr><tr><td valign="top" style="width:40px;background-color:#222;"><strong>a_o</strong></td><td>4</td></tr><tr><td valign="top" style="width:40px;background-color:#222;"><strong>a_ea</strong></td><td>47</td></tr><tr><td valign="top" style="width:40px;background-color:#222;"><strong>parent_assetid</strong></td><td>3</td></tr></table>', 2),
(61, 7, '2020-10-23 11:26:32', 0, 'Asset updated. Parameter:<table border=1 cellspacing=0 cellpadding=3 width=100%><tr><td colspan=2 style="background-color:#111;"><strong><font color=white>ARRAY</font></strong></td></tr><tr><td valign="top" style="width:40px;background-color:#222;"><strong>a_name</strong></td><td>UNKNOWN</td></tr><tr><td valign="top" style="width:40px;background-color:#222;"><strong>page</strong></td><td>assets</td></tr><tr><td valign="top" style="width:40px;background-color:#222;"><strong>f</strong></td><td>edit_asset</td></tr><tr><td valign="top" style="width:40px;background-color:#222;"><strong>a_id</strong></td><td>7</td></tr><tr><td valign="top" style="width:40px;background-color:#222;"><strong>a_desc</strong></td><td>TEST</td></tr><tr><td valign="top" style="width:40px;background-color:#222;"><strong>a_loc</strong></td><td></td></tr><tr><td valign="top" style="width:40px;background-color:#222;"><strong>a_count</strong></td><td>1</td></tr><tr><td valign="top" style="width:40px;background-color:#222;"><strong>a_at</strong></td><td>6</td></tr><tr><td valign="top" style="width:40px;background-color:#222;"><strong>a_os</strong></td><td>6</td></tr><tr><td valign="top" style="width:40px;background-color:#222;"><strong>a_o</strong></td><td>1</td></tr><tr><td valign="top" style="width:40px;background-color:#222;"><strong>a_ea</strong></td><td>4</td></tr><tr><td valign="top" style="width:40px;background-color:#222;"><strong>parent_assetid</strong></td><td>4</td></tr></table>', 1),
(62, 64, '2020-10-23 18:03:45', 0, 'Asset created. Parameter:<table border=1 cellspacing=0 cellpadding=3 width=100%><tr><td colspan=2 style="background-color:#111;"><strong><font color=white>ARRAY</font></strong></td></tr><tr><td valign="top" style="width:40px;background-color:#222;"><strong>a_name</strong></td><td>TESTRAUM</td></tr><tr><td valign="top" style="width:40px;background-color:#222;"><strong>f</strong></td><td>new_asset</td></tr><tr><td valign="top" style="width:40px;background-color:#222;"><strong>a_id</strong></td><td>0</td></tr><tr><td valign="top" style="width:40px;background-color:#222;"><strong>a_desc</strong></td><td>hier kann getestet werden wie das mit der SIDB funzt</td></tr><tr><td valign="top" style="width:40px;background-color:#222;"><strong>a_loc</strong></td><td>nowhere</td></tr><tr><td valign="top" style="width:40px;background-color:#222;"><strong>a_count</strong></td><td>1</td></tr><tr><td valign="top" style="width:40px;background-color:#222;"><strong>a_at</strong></td><td>2</td></tr><tr><td valign="top" style="width:40px;background-color:#222;"><strong>a_os</strong></td><td>1</td></tr><tr><td valign="top" style="width:40px;background-color:#222;"><strong>a_o</strong></td><td>1</td></tr><tr><td valign="top" style="width:40px;background-color:#222;"><strong>a_ea</strong></td><td>1</td></tr><tr><td valign="top" style="width:40px;background-color:#222;"><strong>parent_assetid</strong></td><td>1</td></tr></table>', 2),
(63, 65, '2020-10-23 18:04:48', 0, 'Asset created. Parameter:<table border=1 cellspacing=0 cellpadding=3 width=100%><tr><td colspan=2 style="background-color:#111;"><strong><font color=white>ARRAY</font></strong></td></tr><tr><td valign="top" style="width:40px;background-color:#222;"><strong>a_name</strong></td><td>TESTitem im Raum</td></tr><tr><td valign="top" style="width:40px;background-color:#222;"><strong>f</strong></td><td>new_asset</td></tr><tr><td valign="top" style="width:40px;background-color:#222;"><strong>a_id</strong></td><td>0</td></tr><tr><td valign="top" style="width:40px;background-color:#222;"><strong>a_desc</strong></td><td>test</td></tr><tr><td valign="top" style="width:40px;background-color:#222;"><strong>a_loc</strong></td><td>test</td></tr><tr><td valign="top" style="width:40px;background-color:#222;"><strong>a_count</strong></td><td>1</td></tr><tr><td valign="top" style="width:40px;background-color:#222;"><strong>a_at</strong></td><td>8</td></tr><tr><td valign="top" style="width:40px;background-color:#222;"><strong>a_os</strong></td><td>5</td></tr><tr><td valign="top" style="width:40px;background-color:#222;"><strong>a_o</strong></td><td>2</td></tr><tr><td valign="top" style="width:40px;background-color:#222;"><strong>a_ea</strong></td><td>64</td></tr><tr><td valign="top" style="width:40px;background-color:#222;"><strong>parent_assetid</strong></td><td>64</td></tr></table>', 2),
(64, 65, '2020-10-23 22:17:27', 0, 'Asset updated. Parameter:<table border=1 cellspacing=0 cellpadding=3 width=100%><tr><td colspan=2 style="background-color:#111;"><strong><font color=white>ARRAY</font></strong></td></tr><tr><td valign="top" style="width:40px;background-color:#222;"><strong>a_name</strong></td><td>TESTitem im Raum</td></tr><tr><td valign="top" style="width:40px;background-color:#222;"><strong>page</strong></td><td>assets</td></tr><tr><td valign="top" style="width:40px;background-color:#222;"><strong>f</strong></td><td>edit_asset</td></tr><tr><td valign="top" style="width:40px;background-color:#222;"><strong>a_id</strong></td><td>65</td></tr><tr><td valign="top" style="width:40px;background-color:#222;"><strong>a_desc</strong></td><td>test</td></tr><tr><td valign="top" style="width:40px;background-color:#222;"><strong>a_loc</strong></td><td>test</td></tr><tr><td valign="top" style="width:40px;background-color:#222;"><strong>a_sno</strong></td><td>01234567890</td></tr><tr><td valign="top" style="width:40px;background-color:#222;"><strong>a_count</strong></td><td>1</td></tr><tr><td valign="top" style="width:40px;background-color:#222;"><strong>a_at</strong></td><td>8</td></tr><tr><td valign="top" style="width:40px;background-color:#222;"><strong>a_os</strong></td><td>5</td></tr><tr><td valign="top" style="width:40px;background-color:#222;"><strong>a_o</strong></td><td>2</td></tr><tr><td valign="top" style="width:40px;background-color:#222;"><strong>a_ea</strong></td><td>64</td></tr><tr><td valign="top" style="width:40px;background-color:#222;"><strong>parent_assetid</strong></td><td>64</td></tr></table>', 1),
(65, 65, '2020-10-24 13:33:38', 0, 'Asset updated. Parameter:<table border=1 cellspacing=0 cellpadding=3 width=100%><tr><td colspan=2 style="background-color:#111;"><strong><font color=white>ARRAY</font></strong></td></tr><tr><td valign="top" style="width:40px;background-color:#222;"><strong>a_name</strong></td><td>TESTitem im Raum mit sehr langem Text als Namen weil man ja mal was testen muss etc etc etc. </td></tr><tr><td valign="top" style="width:40px;background-color:#222;"><strong>page</strong></td><td>assets</td></tr><tr><td valign="top" style="width:40px;background-color:#222;"><strong>f</strong></td><td>edit_asset</td></tr><tr><td valign="top" style="width:40px;background-color:#222;"><strong>a_id</strong></td><td>65</td></tr><tr><td valign="top" style="width:40px;background-color:#222;"><strong>a_desc</strong></td><td>test</td></tr><tr><td valign="top" style="width:40px;background-color:#222;"><strong>a_loc</strong></td><td>test</td></tr><tr><td valign="top" style="width:40px;background-color:#222;"><strong>a_sno</strong></td><td>01234567890</td></tr><tr><td valign="top" style="width:40px;background-color:#222;"><strong>a_count</strong></td><td>1</td></tr><tr><td valign="top" style="width:40px;background-color:#222;"><strong>a_at</strong></td><td>8</td></tr><tr><td valign="top" style="width:40px;background-color:#222;"><strong>a_os</strong></td><td>5</td></tr><tr><td valign="top" style="width:40px;background-color:#222;"><strong>a_o</strong></td><td>2</td></tr><tr><td valign="top" style="width:40px;background-color:#222;"><strong>a_ea</strong></td><td>64</td></tr><tr><td valign="top" style="width:40px;background-color:#222;"><strong>parent_assetid</strong></td><td>64</td></tr></table>', 2),
(66, 6, '2020-10-25 05:46:57', 0, 'Asset updated. Parameter:<table border=1 cellspacing=0 cellpadding=3 width=100%><tr><td colspan=2 style="background-color:#111;"><strong><font color=white>ARRAY</font></strong></td></tr><tr><td valign="top" style="width:40px;background-color:#222;"><strong>a_name</strong></td><td>USG 001</td></tr><tr><td valign="top" style="width:40px;background-color:#222;"><strong>page</strong></td><td>assets</td></tr><tr><td valign="top" style="width:40px;background-color:#222;"><strong>f</strong></td><td>edit_asset</td></tr><tr><td valign="top" style="width:40px;background-color:#222;"><strong>a_id</strong></td><td>6</td></tr><tr><td valign="top" style="width:40px;background-color:#222;"><strong>a_desc</strong></td><td>Ubiquiti Unify Security Gateway</td></tr><tr><td valign="top" style="width:40px;background-color:#222;"><strong>a_loc</strong></td><td>Pos. 20</td></tr><tr><td valign="top" style="width:40px;background-color:#222;"><strong>a_sno</strong></td><td></td></tr><tr><td valign="top" style="width:40px;background-color:#222;"><strong>a_doc</strong></td><td>https://dl.ubnt.com/qsg/USG/USG_DE.html</td></tr><tr><td valign="top" style="width:40px;background-color:#222;"><strong>a_count</strong></td><td>1</td></tr><tr><td valign="top" style="width:40px;background-color:#222;"><strong>a_at</strong></td><td>8</td></tr><tr><td valign="top" style="width:40px;background-color:#222;"><strong>a_os</strong></td><td>4</td></tr><tr><td valign="top" style="width:40px;background-color:#222;"><strong>a_o</strong></td><td>1</td></tr><tr><td valign="top" style="width:40px;background-color:#222;"><strong>a_ea</strong></td><td>4</td></tr><tr><td valign="top" style="width:40px;background-color:#222;"><strong>parent_assetid</strong></td><td>4</td></tr></table>', 2),
(67, 6, '2020-10-25 05:49:02', 0, 'Asset updated. Parameter:<table border=1 cellspacing=0 cellpadding=3 width=100%><tr><td colspan=2 style="background-color:#111;"><strong><font color=white>ARRAY</font></strong></td></tr><tr><td valign="top" style="width:40px;background-color:#222;"><strong>a_name</strong></td><td>USG 001</td></tr><tr><td valign="top" style="width:40px;background-color:#222;"><strong>page</strong></td><td>assets</td></tr><tr><td valign="top" style="width:40px;background-color:#222;"><strong>f</strong></td><td>edit_asset</td></tr><tr><td valign="top" style="width:40px;background-color:#222;"><strong>a_id</strong></td><td>6</td></tr><tr><td valign="top" style="width:40px;background-color:#222;"><strong>a_desc</strong></td><td>Ubiquiti Unify Security Gateway</td></tr><tr><td valign="top" style="width:40px;background-color:#222;"><strong>a_loc</strong></td><td>Pos. 20</td></tr><tr><td valign="top" style="width:40px;background-color:#222;"><strong>a_sno</strong></td><td></td></tr><tr><td valign="top" style="width:40px;background-color:#222;"><strong>a_doc</strong></td><td>https://dl.ubnt.com/qsg/USG/USG_DE.html</td></tr><tr><td valign="top" style="width:40px;background-color:#222;"><strong>a_count</strong></td><td>1</td></tr><tr><td valign="top" style="width:40px;background-color:#222;"><strong>a_at</strong></td><td>8</td></tr><tr><td valign="top" style="width:40px;background-color:#222;"><strong>a_os</strong></td><td>4</td></tr><tr><td valign="top" style="width:40px;background-color:#222;"><strong>a_o</strong></td><td>1</td></tr><tr><td valign="top" style="width:40px;background-color:#222;"><strong>a_ea</strong></td><td>4</td></tr><tr><td valign="top" style="width:40px;background-color:#222;"><strong>parent_assetid</strong></td><td>4</td></tr></table>', 2),
(68, 66, '2020-10-25 06:01:10', 0, 'Asset created. Parameter:<table border=1 cellspacing=0 cellpadding=3 width=100%><tr><td colspan=2 style="background-color:#111;"><strong><font color=white>ARRAY</font></strong></td></tr><tr><td valign="top" style="width:40px;background-color:#222;"><strong>a_name</strong></td><td>new test</td></tr><tr><td valign="top" style="width:40px;background-color:#222;"><strong>f</strong></td><td>new_asset</td></tr><tr><td valign="top" style="width:40px;background-color:#222;"><strong>a_id</strong></td><td>0</td></tr><tr><td valign="top" style="width:40px;background-color:#222;"><strong>a_desc</strong></td><td>alle felder</td></tr><tr><td valign="top" style="width:40px;background-color:#222;"><strong>a_loc</strong></td><td>wo?</td></tr><tr><td valign="top" style="width:40px;background-color:#222;"><strong>a_sno</strong></td><td>987654</td></tr><tr><td valign="top" style="width:40px;background-color:#222;"><strong>a_doc</strong></td><td>http://sidb.execnet.de/kanboard/?controller=BoardViewController&action=readonly&token=7aaf1bad60b4658623e1f50fb81e548eecd11a8cb04cf00a4e5a11aec38a</td></tr><tr><td valign="top" style="width:40px;background-color:#222;"><strong>a_count</strong></td><td>1</td></tr><tr><td valign="top" style="width:40px;background-color:#222;"><strong>a_at</strong></td><td>10</td></tr><tr><td valign="top" style="width:40px;background-color:#222;"><strong>a_os</strong></td><td>1</td></tr><tr><td valign="top" style="width:40px;background-color:#222;"><strong>a_o</strong></td><td>2</td></tr><tr><td valign="top" style="width:40px;background-color:#222;"><strong>a_ea</strong></td><td>64</td></tr><tr><td valign="top" style="width:40px;background-color:#222;"><strong>parent_assetid</strong></td><td>64</td></tr></table>', 2),
(69, 49, '2020-10-25 08:57:26', 0, 'Asset updated: serialno: ->123last-changed: 2020-10-16 18:02:28->2020-10-25 08:57:26', 2),
(70, 49, '2020-10-25 08:59:20', 0, 'Asset updated: serialno: 123->123456 | last-changed: 2020-10-25 08:57:26->2020-10-25 08:59:20', 2),
(71, 49, '2020-10-25 09:00:11', 0, 'Asset updated: serialno: "123456" -> "123456789" | last-changed: "2020-10-25 08:59:20" -> "2020-10-25 09:00:11"', 2),
(72, 49, '2020-10-25 09:07:47', 99, 'Asset updated: count: "1" -> "100" | last-changed: "2020-10-25 09:00:11" -> "2020-10-25 09:07:47"', 2),
(73, 49, '2020-10-25 09:09:03', 900, 'Asset updated: count: "100" -> "1000" | last-changed: "2020-10-25 09:07:47" -> "2020-10-25 09:09:03"', 2),
(74, 49, '2020-10-25 09:09:33', -999, 'Asset updated: count: "1000" -> "1" | last-changed: "2020-10-25 09:09:03" -> "2020-10-25 09:09:33"', 2),
(75, 49, '2020-10-25 09:11:52', 0, 'Asset updated: serialno: "123456789" -> "00000001" | last-changed: "2020-10-25 09:09:33" -> "2020-10-25 09:11:52"', 2),
(76, 45, '2020-10-25 09:22:54', 0, 'Asset updated: ownerstate_idownerstate: "3" -> "1" | owner_idowner: "4" -> "2" | last-changed: "2020-10-23 10:18:32" -> "2020-10-25 09:22:54" | idowningstate: "3" -> "1" | state: "Documented" -> "Public" | printtext: "Nur nach Anleitung zu benutzen / verbrauchen." -> "Nutzung für alle erlaubt." | color1: "#FEFF00" -> "#36BC03" | color2: "#FEFF00" -> "#36BC03" | idowner: "4" -> "2" | username: "test" -> "exec" | password: "$argon2id$v=19$m=65536,t=4,p=1$WjVLeUJ1R2FJZDNmM3pxTw$kX43hr03W0gpNIDScMeZ+wK117xxSrkxN13kRfr7eNU" -> "$argon2id$v=19$m=65536,t=4,p=1$WlJBTXNsS2U0VlZnSndFcg$AvVXXuQs2BxfaAXcwW61xLOnzR3ILCZIH4xMMphD72c" | ownergroup_idownergroup: "2" -> "1"', 2),
(77, 48, '2020-10-25 09:31:09', 11, 'Asset updated: name: "Testitem" -> "Testitem edit" | description: "Das gehört Test" -> "Das gehört Test." | serialno: "" -> "123" | location: "what" -> "where" | docuurl: "" -> "https://dl.ubnt.com/qsg/USG/USG_DE.html" | count: "1" -> "12" | asset_idasset: "3" -> "48" | last-changed: "2020-10-16 18:02:11" -> "2020-10-25 09:31:09" | username: "test" -> "exec" | state: "Public" -> "Documented"', 2),
(78, 48, '2020-10-25 09:35:33', 0, 'Asset updated: asset_idasset: "47" -> "51" | last-changed: "2020-10-25 09:31:09" -> "2020-10-25 09:35:33"', 2),
(79, 50, '2020-10-25 12:24:05', 0, 'Asset updated: name: "Lobby" -> "Lounge" | last-changed: "2020-10-16 17:54:53" -> "2020-10-25 12:24:05"', 2),
(80, 67, '2020-10-25 12:24:58', 1, 'Asset created.', 2),
(81, 68, '2020-10-25 12:25:19', 1, 'Asset created.', 2),
(82, 69, '2020-10-25 12:25:46', 1, 'Asset created.', 2),
(83, 70, '2020-10-25 12:25:59', 1, 'Asset created.', 2),
(84, 71, '2020-10-25 12:26:17', 1, 'Asset created.', 2),
(85, 69, '2020-10-25 12:26:35', 0, 'Asset updated: last-changed: "2020-10-25 12:25:46" -> "2020-10-25 12:26:35"', 2),
(86, 70, '2020-10-25 12:28:49', 0, 'Asset updated: last-changed: "2020-10-25 12:25:59" -> "2020-10-25 12:28:49" | username: "exec" -> "shack" | state: "Public" -> "Owner Only"', 2),
(87, 72, '2020-10-25 12:29:31', 1, 'Asset created.', 2),
(88, 72, '2020-10-25 12:29:57', 0, 'Asset updated: last-changed: "2020-10-25 12:29:31" -> "2020-10-25 12:29:57" | typename: "Undefined" -> "Räume"', 2),
(89, 73, '2020-10-25 12:30:29', 1, 'Asset created.', 2),
(90, 74, '2020-10-25 12:30:57', 1, 'Asset created.', 2),
(91, 3, '2020-10-25 12:31:31', 0, 'Asset updated: name: "E - LAB" -> "OR1: E - LAB" | last-changed: "2020-10-15 22:25:25" -> "2020-10-25 12:31:31"', 2),
(92, 69, '2020-10-25 12:32:16', 0, 'Asset updated: last-changed: "2020-10-25 12:26:35" -> "2020-10-25 12:32:16" | username: "exec" -> "shack"', 2),
(93, 71, '2020-10-25 12:32:27', 0, 'Asset updated: last-changed: "2020-10-25 12:26:17" -> "2020-10-25 12:32:27" | username: "exec" -> "shack"', 2),
(94, 68, '2020-10-25 12:32:41', 0, 'Asset updated: last-changed: "2020-10-25 12:25:19" -> "2020-10-25 12:32:41" | username: "exec" -> "shack"', 2),
(95, 75, '2020-10-25 12:33:39', 1, 'Asset created.', 2),
(96, 76, '2020-10-25 12:35:16', 1, 'Asset created.', 2),
(97, 77, '2020-10-25 12:35:33', 1, 'Asset created.', 2),
(98, 78, '2020-10-25 12:37:49', 1, 'Asset created.', 2),
(99, 52, '2020-10-25 12:53:49', 99, 'Asset updated: count: "1" -> "100" | last-changed: "2020-10-20 22:46:16" -> "2020-10-25 12:53:49"', 2),
(100, 68, '2020-10-25 13:14:09', 0, 'Asset updated: docuurl: "" -> "https://github.com/shackspace/werkstatt_instructions/tree/master/output" | last-changed: "2020-10-25 12:32:41" -> "2020-10-25 13:14:09"', 2),
(101, 65, '2020-10-25 16:59:55', 0, 'Asset updated: docuurl: "http://10.0.0.20/phpmyadmin/import.php#PMAURL-0:sql.php?db=sidb&table=asset&server=1&target=&token=c7d004756be23d8ebcc0e3f65fda14a4" -> "http://sidb.execnet.de/kanboard/?controller=BoardViewController&action=readonly&token=7aaf1bad60b4658623e1f50fb81e548eecd11a8cb04cf00a4e5a11aec38a" | last-changed: "2020-10-24 13:33:38" -> "2020-10-25 16:59:55"', 2),
(102, 79, '2020-10-26 15:22:53', 1, 'Asset created.', 2);

-- --------------------------------------------------------

--
-- Tabellenstruktur für Tabelle `owner`
--

DROP TABLE IF EXISTS `owner`;
CREATE TABLE IF NOT EXISTS `owner` (
`idowner` int(11) NOT NULL,
  `username` varchar(100) CHARACTER SET latin1 NOT NULL,
  `password` varchar(100) CHARACTER SET latin1 NOT NULL,
  `ownergroup_idownergroup` int(11) NOT NULL,
  `blocked` tinyint(1) NOT NULL DEFAULT '0'
) ENGINE=InnoDB AUTO_INCREMENT=14 DEFAULT CHARSET=utf8;

--
-- Daten für Tabelle `owner`
--

INSERT INTO `owner` (`idowner`, `username`, `password`, `ownergroup_idownergroup`, `blocked`) VALUES
(1, 'shack', '$argon2id$v=19$m=65536,t=4,p=1$a1FqSlRxQUZyMDhxRlgzVQ$OGGURpsKYY/tpCZFXBjiaaZJYP3amBmyu6cD5KS34xA', 1, 0),
(2, 'exec', '$argon2id$v=19$m=65536,t=4,p=1$WlJBTXNsS2U0VlZnSndFcg$AvVXXuQs2BxfaAXcwW61xLOnzR3ILCZIH4xMMphD72c', 1, 0),
(3, 'hase', '$argon2id$v=19$m=65536,t=4,p=1$UkNVMlVXUm4wYVdNb3U1aw$hBUKNBxiKxC012B7x0NsaMxGZMUWvjnaVo9d85Xs/jA', 1, 0),
(4, 'test', '$argon2id$v=19$m=65536,t=4,p=1$WjVLeUJ1R2FJZDNmM3pxTw$kX43hr03W0gpNIDScMeZ+wK117xxSrkxN13kRfr7eNU', 2, 0),
(8, 'blockeduser', '$argon2id$v=19$m=65536,t=4,p=1$VkJLSC9YLjRDeHRRY1N3UA$azMIF6G7M0Yg3RoaYt0XD7Nh8pVoZ4iLMpODaJ04QFc', 2, 1),
(10, 'exec2', '$argon2id$v=19$m=65536,t=4,p=1$dHhNUTN6cXYxTS9INndZcw$aUtQ0a05ptWsBkUh6HCUO3nUXY9NZJt9DSgul8Uh0o4', 2, 0),
(11, 'testme', '$argon2id$v=19$m=65536,t=4,p=1$UHFFMDhSTDBoRklVU2kwNg$CfEjVYUYtjTWwlJORJrd/oFgvX8tBTFWi8L6D1xTPQg', 2, 1);

-- --------------------------------------------------------

--
-- Tabellenstruktur für Tabelle `ownergroup`
--

DROP TABLE IF EXISTS `ownergroup`;
CREATE TABLE IF NOT EXISTS `ownergroup` (
`idownergroup` int(11) NOT NULL,
  `name` varchar(50) CHARACTER SET latin1 NOT NULL,
  `edit_owner` tinyint(1) NOT NULL DEFAULT '0',
  `edit_assetcategory` tinyint(1) NOT NULL DEFAULT '0',
  `edit_owningstate` tinyint(1) NOT NULL DEFAULT '0',
  `show_all_assets` tinyint(1) NOT NULL DEFAULT '0' COMMENT 'Override Owningstate viewowneronly',
  `edit_all_assets` tinyint(1) NOT NULL DEFAULT '0'
) ENGINE=InnoDB AUTO_INCREMENT=4 DEFAULT CHARSET=utf8;

--
-- Daten für Tabelle `ownergroup`
--

INSERT INTO `ownergroup` (`idownergroup`, `name`, `edit_owner`, `edit_assetcategory`, `edit_owningstate`, `show_all_assets`, `edit_all_assets`) VALUES
(1, 'Admin', 1, 1, 1, 1, 1),
(2, 'User', 0, 0, 0, 1, 0),
(3, 'Benutzeradmin', 1, 0, 0, 1, 0);

-- --------------------------------------------------------

--
-- Tabellenstruktur für Tabelle `owningstate`
--

DROP TABLE IF EXISTS `owningstate`;
CREATE TABLE IF NOT EXISTS `owningstate` (
`idowningstate` int(11) NOT NULL,
  `state` varchar(11) CHARACTER SET latin1 NOT NULL,
  `printtext` text NOT NULL,
  `viewowneronly` int(11) NOT NULL DEFAULT '0',
  `color1` varchar(7) CHARACTER SET latin1 NOT NULL,
  `color2` varchar(7) CHARACTER SET latin1 NOT NULL
) ENGINE=InnoDB AUTO_INCREMENT=7 DEFAULT CHARSET=utf8;

--
-- Daten für Tabelle `owningstate`
--

INSERT INTO `owningstate` (`idowningstate`, `state`, `printtext`, `viewowneronly`, `color1`, `color2`) VALUES
(1, 'Public', 'Nutzung für alle erlaubt.', 0, '#36BC03', '#36BC03'),
(2, 'Give Away', 'Zum Mitnehmen!', 0, '#36BC03', '#FFFFFF'),
(3, 'Documented', 'Nur nach Anleitung zu benutzen / verbrauchen.', 0, '#FEFF00', '#FEFF00'),
(4, 'Instructed', 'Nur nach Einweisung zu benutzen / verbrauchen.', 0, '#F50B00', '#FEFF00'),
(5, 'Owner Only', 'Nur mit ausdrücklicher Genehmigung des Eigentümers zu benutzen / verbrauchen.', 1, '#F50B00', '#F50B00'),
(6, 'Unknown', 'Nach Ablauf von 6 Monaten geht es in das Eigentum des Shacks über', 0, '#6666FF', '#FFFFFF');

--
-- Indizes der exportierten Tabellen
--

--
-- Indizes für die Tabelle `asset`
--
ALTER TABLE `asset`
 ADD PRIMARY KEY (`idasset`), ADD FULLTEXT KEY `name` (`name`,`description`);

--
-- Indizes für die Tabelle `assetgrant`
--
ALTER TABLE `assetgrant`
 ADD PRIMARY KEY (`idassetgrant`);

--
-- Indizes für die Tabelle `assettype`
--
ALTER TABLE `assettype`
 ADD PRIMARY KEY (`idassettype`);

--
-- Indizes für die Tabelle `log`
--
ALTER TABLE `log`
 ADD PRIMARY KEY (`idlog`);

--
-- Indizes für die Tabelle `owner`
--
ALTER TABLE `owner`
 ADD UNIQUE KEY `idowner` (`idowner`);

--
-- Indizes für die Tabelle `ownergroup`
--
ALTER TABLE `ownergroup`
 ADD PRIMARY KEY (`idownergroup`);

--
-- Indizes für die Tabelle `owningstate`
--
ALTER TABLE `owningstate`
 ADD PRIMARY KEY (`idowningstate`);

--
-- AUTO_INCREMENT für exportierte Tabellen
--

--
-- AUTO_INCREMENT für Tabelle `asset`
--
ALTER TABLE `asset`
MODIFY `idasset` int(11) NOT NULL AUTO_INCREMENT,AUTO_INCREMENT=80;
--
-- AUTO_INCREMENT für Tabelle `assetgrant`
--
ALTER TABLE `assetgrant`
MODIFY `idassetgrant` int(11) NOT NULL AUTO_INCREMENT;
--
-- AUTO_INCREMENT für Tabelle `assettype`
--
ALTER TABLE `assettype`
MODIFY `idassettype` int(11) NOT NULL AUTO_INCREMENT,AUTO_INCREMENT=13;
--
-- AUTO_INCREMENT für Tabelle `log`
--
ALTER TABLE `log`
MODIFY `idlog` int(11) NOT NULL AUTO_INCREMENT,AUTO_INCREMENT=103;
--
-- AUTO_INCREMENT für Tabelle `owner`
--
ALTER TABLE `owner`
MODIFY `idowner` int(11) NOT NULL AUTO_INCREMENT,AUTO_INCREMENT=14;
--
-- AUTO_INCREMENT für Tabelle `ownergroup`
--
ALTER TABLE `ownergroup`
MODIFY `idownergroup` int(11) NOT NULL AUTO_INCREMENT,AUTO_INCREMENT=4;
--
-- AUTO_INCREMENT für Tabelle `owningstate`
--
ALTER TABLE `owningstate`
MODIFY `idowningstate` int(11) NOT NULL AUTO_INCREMENT,AUTO_INCREMENT=7;
/*!40101 SET CHARACTER_SET_CLIENT=@OLD_CHARACTER_SET_CLIENT */;
/*!40101 SET CHARACTER_SET_RESULTS=@OLD_CHARACTER_SET_RESULTS */;
/*!40101 SET COLLATION_CONNECTION=@OLD_COLLATION_CONNECTION */;
